symbol,dt,open,high,low,close,vol,amount,freq
000001,2026-06-23 09:30:00,3201.82,3202.23,3201.5,3201.62,28902.0,92531697.31,F1
000001,2026-06-23 09:31:00,3201.29,3201.33,3200.54,3201.21,15812.0,50618823.95,F1
000001,2026-06-23 09:32:00,3201.07,3205.0,3199.88,3203.32,15577.0,49897907.62,F1
000001,2026-06-23 09:33:00,3207.08,3209.09,3206.8,3208.23,41104.0,131872524.88,F1
000001,2026-06-23 09:34:00,3206.43,3207.78,3205.63,3207.51,64381.0,206503034.99,F1
000001,2026-06-23 09:35:00,3204.89,3207.09,3204.28,3206.79,27089.0,86870278.78,F1
000001,2026-06-23 09:36:00,3211.6,3212.02,3211.55,3211.89,20466.0,65733232.58,F1
000001,2026-06-23 09:37:00,3215.94,3218.07,3213.85,3214.39,11104.0,35693962.84,F1
000001,2026-06-23 09:38:00,3212.77,3215.4,3212.0,3212.92,49989.0,160610468.75,F1
000001,2026-06-23 09:39:00,3217.39,3217.92,3214.14,3214.69,49722.0,159840181.99,F1
000001,2026-06-23 09:40:00,3212.63,3213.43,3212.06,3213.23,13262.0,42612360.29,F1
000001,2026-06-23 09:41:00,3210.73,3212.95,3210.69,3211.77,14988.0,48138408.84,F1
000001,2026-06-23 09:42:00,3212.96,3214.45,3212.26,3212.58,33415.0,107348809.84,F1
000001,2026-06-23 09:43:00,3203.27,3206.83,3202.09,3206.47,12030.0,38574643.91,F1
000001,2026-06-23 09:44:00,3203.65,3204.06,3200.3,3200.98,21421.0,68567332.58,F1
000001,2026-06-23 09:45:00,3200.1,3200.18,3198.69,3199.21,13900.0,44469860.81,F1
000001,2026-06-23 09:46:00,3196.27,3197.63,3195.9,3196.0,14017.0,44799268.86,F1
000001,2026-06-23 09:47:00,3195.86,3198.22,3194.82,3197.04,29869.0,95491663.25,F1
000001,2026-06-23 09:48:00,3192.43,3194.47,3191.26,3194.17,23644.0,75522476.97,F1
000001,2026-06-23 09:49:00,3193.39,3193.77,3189.51,3189.69,18872.0,60196326.42,F1
000001,2026-06-23 09:50:00,3194.62,3194.76,3193.73,3194.4,35538.0,113521967.76,F1
000001,2026-06-23 09:51:00,3192.46,3194.99,3190.7,3193.71,28396.0,90688004.67,F1
000001,2026-06-23 09:52:00,3192.2,3196.03,3191.83,3193.96,76611.0,244693576.35,F1
000001,2026-06-23 09:53:00,3189.44,3190.25,3189.36,3189.45,20964.0,66863109.36,F1
000001,2026-06-23 09:54:00,3189.21,3189.49,3187.49,3187.74,25870.0,82467702.55,F1
000001,2026-06-23 09:55:00,3187.06,3189.08,3186.9,3188.13,15095.0,48125210.77,F1
000001,2026-06-23 09:56:00,3185.35,3186.21,3184.47,3184.49,21926.0,69824032.81,F1
000001,2026-06-23 09:57:00,3187.45,3187.9,3185.7,3185.72,33153.0,105615654.75,F1
000001,2026-06-23 09:58:00,3186.05,3186.59,3183.83,3183.84,11431.0,36394392.17,F1
000001,2026-06-23 09:59:00,3181.25,3183.23,3180.67,3182.94,20061.0,63851844.65,F1
000001,2026-06-23 10:00:00,3181.15,3181.66,3180.99,3181.06,10335.0,32874925.99,F1
000001,2026-06-23 10:01:00,3187.09,3188.98,3186.09,3186.99,7540.0,24029396.08,F1
000001,2026-06-23 10:02:00,3185.05,3187.55,3183.59,3186.98,14904.0,47498547.14,F1
000001,2026-06-23 10:03:00,3183.3,3185.07,3183.16,3183.64,6846.0,21796022.56,F1
000001,2026-06-23 10:04:00,3185.32,3186.58,3184.95,3186.29,8824.0,28115222.16,F1
000001,2026-06-23 10:05:00,3182.69,3182.7,3182.02,3182.44,14696.0,46768753.8,F1
000001,2026-06-23 10:06:00,3184.65,3186.06,3180.7,3183.13,12928.0,41151937.42,F1
000001,2026-06-23 10:07:00,3174.76,3177.15,3173.65,3176.93,3291.0,10455949.68,F1
000001,2026-06-23 10:08:00,3173.61,3174.33,3172.2,3172.75,2218.0,7037986.0,F1
000001,2026-06-23 10:09:00,3172.54,3173.78,3171.13,3173.41,8881.0,28183311.65,F1
000001,2026-06-23 10:10:00,3175.76,3176.33,3175.64,3175.78,4981.0,15819827.42,F1
000001,2026-06-23 10:11:00,3178.26,3178.41,3176.33,3176.36,5082.0,16140730.35,F1
000001,2026-06-23 10:12:00,3175.32,3176.87,3175.15,3176.02,19070.0,60565685.33,F1
000001,2026-06-23 10:13:00,3172.92,3176.63,3171.52,3175.1,7298.0,23171458.9,F1
000001,2026-06-23 10:14:00,3169.38,3171.43,3168.8,3170.44,20191.0,64015130.85,F1
000001,2026-06-23 10:15:00,3169.26,3169.73,3166.14,3168.19,5986.0,18964092.31,F1
000001,2026-06-23 10:16:00,3167.94,3168.22,3165.52,3166.76,17690.0,56020053.99,F1
000001,2026-06-23 10:17:00,3170.19,3170.91,3169.71,3170.14,5774.0,18304804.61,F1
000001,2026-06-23 10:18:00,3174.46,3174.59,3170.92,3171.26,8887.0,28182889.22,F1
000001,2026-06-23 10:19:00,3163.58,3166.63,3162.44,3165.71,5835.0,18470496.88,F1
000001,2026-06-23 10:20:00,3165.11,3167.28,3163.98,3166.77,11608.0,36760818.93,F1
000001,2026-06-23 10:21:00,3167.16,3167.88,3164.23,3165.58,17166.0,54339296.8,F1
000001,2026-06-23 10:22:00,3162.96,3163.71,3161.7,3163.47,10701.0,33853043.95,F1
000001,2026-06-23 10:23:00,3166.16,3168.21,3164.83,3165.44,12886.0,40790762.87,F1
000001,2026-06-23 10:24:00,3168.82,3169.08,3167.28,3168.73,10445.0,33098715.31,F1
000001,2026-06-23 10:25:00,3172.57,3173.59,3171.37,3171.72,5326.0,16893231.48,F1
000001,2026-06-23 10:26:00,3167.43,3170.96,3165.48,3169.09,4668.0,14791970.07,F1
000001,2026-06-23 10:27:00,3167.79,3168.4,3167.5,3168.14,12184.0,38600222.76,F1
000001,2026-06-23 10:28:00,3170.59,3171.14,3169.06,3169.22,9333.0,29577699.44,F1
000001,2026-06-23 10:29:00,3171.95,3173.88,3171.48,3172.35,11701.0,37119971.6,F1
000001,2026-06-23 10:30:00,3171.91,3173.03,3170.69,3170.86,4237.0,13434568.2,F1
000001,2026-06-23 10:31:00,3170.94,3171.55,3169.8,3170.3,10864.0,34441196.69,F1
000001,2026-06-23 10:32:00,3168.79,3168.81,3166.53,3166.83,18979.0,60104370.18,F1
000001,2026-06-23 10:33:00,3163.45,3165.92,3162.54,3163.07,3360.0,10627101.63,F1
000001,2026-06-23 10:34:00,3166.87,3167.23,3164.45,3165.68,11346.0,35916689.52,F1
000001,2026-06-23 10:35:00,3169.78,3171.17,3169.59,3170.0,5296.0,16788890.93,F1
000001,2026-06-23 10:36:00,3168.89,3170.37,3167.3,3169.81,9871.0,31288524.34,F1
000001,2026-06-23 10:37:00,3171.12,3173.45,3169.99,3173.02,5974.0,18954430.65,F1
000001,2026-06-23 10:38:00,3173.99,3174.22,3173.24,3174.2,11205.0,35567810.05,F1
000001,2026-06-23 10:39:00,3171.99,3172.59,3171.15,3172.19,6511.0,20654568.5,F1
000001,2026-06-23 10:40:00,3174.51,3174.87,3171.72,3173.36,6635.0,21056703.86,F1
000001,2026-06-23 10:41:00,3178.64,3179.53,3176.93,3178.28,3360.0,10677948.28,F1
000001,2026-06-23 10:42:00,3175.77,3179.4,3175.25,3178.2,29118.0,92541660.68,F1
000001,2026-06-23 10:43:00,3182.31,3183.38,3180.84,3183.21,22094.0,70328728.69,F1
000001,2026-06-23 10:44:00,3178.18,3179.34,3173.94,3174.91,10897.0,34597715.68,F1
000001,2026-06-23 10:45:00,3178.79,3179.32,3176.77,3177.55,8089.0,25704571.58,F1
000001,2026-06-23 10:46:00,3177.59,3178.29,3176.93,3177.86,13064.0,41517114.44,F1
000001,2026-06-23 10:47:00,3177.08,3178.49,3175.85,3176.94,7355.0,23367224.95,F1
000001,2026-06-23 10:48:00,3176.13,3179.05,3176.05,3177.27,7625.0,24225168.99,F1
000001,2026-06-23 10:49:00,3173.39,3173.99,3170.01,3170.99,20477.0,64931612.58,F1
000001,2026-06-23 10:50:00,3172.26,3172.81,3170.11,3170.32,5015.0,15900634.73,F1
000001,2026-06-23 10:51:00,3170.9,3172.52,3169.11,3171.49,17529.0,55593568.69,F1
000001,2026-06-23 10:52:00,3175.43,3177.28,3175.3,3176.21,3347.0,10630359.07,F1
000001,2026-06-23 10:53:00,3175.11,3175.25,3174.15,3174.6,3651.0,11589202.55,F1
000001,2026-06-23 10:54:00,3172.88,3173.38,3170.95,3172.06,1927.0,6113477.64,F1
000001,2026-06-23 10:55:00,3170.46,3172.19,3168.88,3170.5,6448.0,20441905.89,F1
000001,2026-06-23 10:56:00,3172.48,3173.89,3171.53,3173.44,9423.0,29902930.47,F1
000001,2026-06-23 10:57:00,3175.73,3176.9,3174.42,3174.51,7319.0,23232738.14,F1
000001,2026-06-23 10:58:00,3171.47,3173.65,3171.26,3172.86,9737.0,30894008.92,F1
000001,2026-06-23 10:59:00,3175.98,3176.74,3173.1,3174.53,7076.0,22462359.39,F1
000001,2026-06-23 11:00:00,3174.83,3175.58,3172.52,3174.87,12607.0,40026133.12,F1
000001,2026-06-23 11:01:00,3179.14,3179.41,3177.91,3177.97,10488.0,33330007.74,F1
000001,2026-06-23 11:02:00,3173.29,3176.28,3172.54,3175.78,4328.0,13744678.77,F1
000001,2026-06-23 11:03:00,3175.23,3176.52,3174.32,3174.77,7960.0,25271014.3,F1
000001,2026-06-23 11:04:00,3170.99,3174.66,3170.29,3173.55,5404.0,17149524.95,F1
000001,2026-06-23 11:05:00,3169.26,3170.35,3167.98,3168.94,8357.0,26482472.58,F1
000001,2026-06-23 11:06:00,3170.59,3171.25,3169.75,3169.91,6745.0,21379561.12,F1
000001,2026-06-23 11:07:00,3169.46,3170.86,3168.44,3170.77,1881.0,5962829.47,F1
000001,2026-06-23 11:08:00,3171.51,3172.37,3168.57,3170.82,4891.0,15508218.57,F1
000001,2026-06-23 11:09:00,3171.09,3173.05,3170.09,3170.11,5631.0,17850105.32,F1
000001,2026-06-23 11:10:00,3165.37,3166.96,3164.75,3165.66,5434.0,17201722.17,F1
000001,2026-06-23 11:11:00,3163.59,3165.26,3163.48,3164.36,18258.0,57773725.27,F1
000001,2026-06-23 11:12:00,3163.82,3164.06,3163.03,3163.31,3709.0,11731373.45,F1
000001,2026-06-23 11:13:00,3162.2,3162.27,3160.63,3160.8,39997.0,126421764.6,F1
000001,2026-06-23 11:14:00,3160.79,3161.51,3159.92,3160.32,14389.0,45474032.11,F1
000001,2026-06-23 11:15:00,3161.81,3163.17,3160.76,3161.63,5802.0,18343230.45,F1
000001,2026-06-23 11:16:00,3170.6,3171.63,3167.21,3167.63,15375.0,48702823.37,F1
000001,2026-06-23 11:17:00,3168.32,3169.13,3167.76,3168.22,5307.0,16814390.09,F1
000001,2026-06-23 11:18:00,3168.04,3170.04,3167.73,3169.06,6622.0,20986024.56,F1
000001,2026-06-23 11:19:00,3167.35,3169.26,3165.39,3168.86,4752.0,15057106.12,F1
000001,2026-06-23 11:20:00,3162.86,3164.2,3162.74,3162.82,10160.0,32133324.29,F1
000001,2026-06-23 11:21:00,3161.08,3163.17,3160.91,3162.76,13265.0,41953263.18,F1
000001,2026-06-23 11:22:00,3164.86,3167.32,3162.44,3162.99,9537.0,30164315.14,F1
000001,2026-06-23 11:23:00,3171.13,3171.46,3170.5,3170.82,6990.0,22165432.63,F1
000001,2026-06-23 11:24:00,3170.51,3171.76,3169.28,3170.24,14328.0,45421774.81,F1
000001,2026-06-23 11:25:00,3173.32,3173.43,3169.21,3171.23,5979.0,18962301.65,F1
000001,2026-06-23 11:26:00,3173.21,3173.23,3170.2,3171.15,6296.0,19964420.33,F1
000001,2026-06-23 11:27:00,3168.81,3169.33,3167.25,3167.48,6745.0,21365303.67,F1
000001,2026-06-23 11:28:00,3170.51,3172.01,3168.97,3171.13,6897.0,21871251.92,F1
000001,2026-06-23 11:29:00,3175.48,3176.93,3172.6,3173.55,6530.0,20723847.45,F1
000001,2026-06-23 13:00:00,3176.73,3176.76,3175.23,3176.09,9530.0,30267541.99,F1
000001,2026-06-23 13:01:00,3171.37,3174.37,3170.92,3173.24,8960.0,28433747.06,F1
000001,2026-06-23 13:02:00,3178.17,3178.42,3177.16,3177.72,6390.0,20306841.62,F1
000001,2026-06-23 13:03:00,3174.69,3175.97,3173.18,3173.3,21364.0,67794585.47,F1
000001,2026-06-23 13:04:00,3173.61,3175.84,3173.12,3175.2,8864.0,28146009.33,F1
000001,2026-06-23 13:05:00,3182.75,3183.22,3181.59,3182.19,14113.0,44910205.62,F1
000001,2026-06-23 13:06:00,3179.73,3179.96,3178.43,3179.07,20951.0,66604728.65,F1
000001,2026-06-23 13:07:00,3177.1,3178.23,3176.04,3177.31,7630.0,24242025.76,F1
000001,2026-06-23 13:08:00,3174.2,3178.46,3173.69,3177.65,7744.0,24609223.73,F1
000001,2026-06-23 13:09:00,3176.61,3176.8,3175.41,3176.09,6518.0,20700364.34,F1
000001,2026-06-23 13:10:00,3172.01,3172.26,3170.49,3171.2,11022.0,34954162.66,F1
000001,2026-06-23 13:11:00,3169.96,3172.48,3169.45,3171.45,12137.0,38492417.93,F1
000001,2026-06-23 13:12:00,3168.69,3170.44,3167.9,3168.11,6805.0,21557454.73,F1
000001,2026-06-23 13:13:00,3169.61,3169.93,3168.85,3169.64,3611.0,11446778.89,F1
000001,2026-06-23 13:14:00,3165.09,3167.78,3164.19,3166.76,19059.0,60356034.64,F1
000001,2026-06-23 13:15:00,3171.54,3171.87,3171.47,3171.71,14486.0,45945381.67,F1
000001,2026-06-23 13:16:00,3167.78,3169.48,3166.86,3169.25,10410.0,32992755.81,F1
000001,2026-06-23 13:17:00,3168.57,3169.52,3165.7,3168.27,11372.0,36030526.22,F1
000001,2026-06-23 13:18:00,3169.84,3172.62,3169.35,3170.88,16104.0,51064097.62,F1
000001,2026-06-23 13:19:00,3166.79,3167.91,3165.26,3167.01,15638.0,49525552.56,F1
000001,2026-06-23 13:20:00,3170.36,3171.06,3167.69,3167.76,3637.0,11522320.61,F1
000001,2026-06-23 13:21:00,3171.54,3172.74,3169.48,3171.93,7421.0,23538637.49,F1
000001,2026-06-23 13:22:00,3167.07,3167.59,3166.83,3166.87,18912.0,59890276.47,F1
000001,2026-06-23 13:23:00,3166.5,3167.67,3165.8,3167.49,4188.0,13265570.84,F1
000001,2026-06-23 13:24:00,3167.37,3168.38,3166.96,3168.34,5732.0,18160386.74,F1
000001,2026-06-23 13:25:00,3168.62,3170.93,3167.19,3170.85,11849.0,37572521.19,F1
000001,2026-06-23 13:26:00,3167.09,3168.48,3166.67,3166.96,5563.0,17618329.84,F1
000001,2026-06-23 13:27:00,3163.32,3164.59,3161.04,3162.82,8583.0,27145753.2,F1
000001,2026-06-23 13:28:00,3164.25,3165.14,3164.04,3164.5,5564.0,17606265.8,F1
000001,2026-06-23 13:29:00,3164.97,3166.23,3163.94,3165.47,8190.0,25924859.25,F1
000001,2026-06-23 13:30:00,3169.31,3169.36,3165.62,3166.3,3801.0,12036573.39,F1
000001,2026-06-23 13:31:00,3164.57,3168.93,3164.32,3167.42,10450.0,33099757.41,F1
000001,2026-06-23 13:32:00,3162.8,3166.15,3162.34,3165.3,8720.0,27602046.63,F1
000001,2026-06-23 13:33:00,3168.62,3169.47,3165.81,3166.07,5190.0,16430503.19,F1
000001,2026-06-23 13:34:00,3163.62,3167.71,3163.42,3167.03,4946.0,15665314.17,F1
000001,2026-06-23 13:35:00,3164.59,3164.87,3164.38,3164.8,5855.0,18528926.42,F1
000001,2026-06-23 13:36:00,3171.01,3171.43,3169.7,3170.74,16407.0,52022502.02,F1
000001,2026-06-23 13:37:00,3172.12,3172.29,3171.45,3172.28,9105.0,28884411.78,F1
000001,2026-06-23 13:38:00,3170.04,3170.31,3167.95,3168.53,9708.0,30761516.93,F1
000001,2026-06-23 13:39:00,3168.83,3170.75,3168.8,3170.64,7302.0,23152918.01,F1
000001,2026-06-23 13:40:00,3167.38,3169.37,3166.86,3167.59,8488.0,26886841.9,F1
000001,2026-06-23 13:41:00,3170.37,3171.34,3168.91,3170.11,5255.0,16658560.5,F1
000001,2026-06-23 13:42:00,3175.36,3175.76,3173.2,3173.82,19686.0,62479324.51,F1
000001,2026-06-23 13:43:00,3169.35,3172.12,3168.4,3171.25,5795.0,18376257.19,F1
000001,2026-06-23 13:44:00,3176.55,3176.78,3174.06,3174.34,9230.0,29297549.01,F1
000001,2026-06-23 13:45:00,3175.46,3176.45,3174.71,3175.68,3380.0,10734895.92,F1
000001,2026-06-23 13:46:00,3180.39,3181.98,3177.34,3178.32,14233.0,45238584.01,F1
000001,2026-06-23 13:47:00,3182.65,3184.78,3181.59,3184.39,7277.0,23174303.58,F1
000001,2026-06-23 13:48:00,3183.15,3184.38,3181.9,3183.64,16282.0,51837358.35,F1
000001,2026-06-23 13:49:00,3180.38,3181.47,3178.77,3181.27,5416.0,17228938.11,F1
000001,2026-06-23 13:50:00,3180.01,3181.55,3177.3,3178.47,6026.0,19152127.53,F1
000001,2026-06-23 13:51:00,3175.87,3176.18,3175.1,3175.91,10017.0,31812861.22,F1
000001,2026-06-23 13:52:00,3174.95,3175.71,3174.43,3175.7,8129.0,25815734.23,F1
000001,2026-06-23 13:53:00,3176.12,3176.92,3176.04,3176.82,6734.0,21394174.43,F1
000001,2026-06-23 13:54:00,3177.32,3179.25,3176.78,3177.73,6990.0,22212844.64,F1
000001,2026-06-23 13:55:00,3181.5,3181.82,3179.27,3180.39,9748.0,31002540.33,F1
000001,2026-06-23 13:56:00,3180.29,3180.89,3178.79,3180.46,4613.0,14671213.65,F1
000001,2026-06-23 13:57:00,3183.22,3185.26,3181.56,3185.12,24727.0,78758378.06,F1
000001,2026-06-23 13:58:00,3185.32,3185.8,3182.59,3184.31,6177.0,19670952.01,F1
000001,2026-06-23 13:59:00,3191.76,3193.61,3191.6,3193.01,6399.0,20433277.27,F1
000001,2026-06-23 14:00:00,3191.88,3195.76,3190.86,3195.04,24825.0,79318325.98,F1
000001,2026-06-23 14:01:00,3195.65,3196.53,3189.92,3192.34,19091.0,60946504.15,F1
000001,2026-06-23 14:02:00,3190.71,3192.58,3187.78,3188.95,28236.0,90042999.49,F1
000001,2026-06-23 14:03:00,3189.78,3190.63,3187.25,3190.52,10389.0,33146761.68,F1
000001,2026-06-23 14:04:00,3190.25,3190.7,3188.8,3189.84,23132.0,73788899.21,F1
000001,2026-06-23 14:05:00,3192.65,3193.02,3191.9,3192.15,18553.0,59225049.69,F1
000001,2026-06-23 14:06:00,3194.69,3195.04,3193.34,3193.7,21707.0,69324096.43,F1
000001,2026-06-23 14:07:00,3195.29,3195.34,3191.8,3193.5,41397.0,132200787.71,F1
000001,2026-06-23 14:08:00,3189.38,3191.45,3188.81,3190.83,43793.0,139734387.49,F1
000001,2026-06-23 14:09:00,3182.63,3189.03,3181.62,3186.03,24628.0,78463923.95,F1
000001,2026-06-23 14:10:00,3184.55,3184.91,3184.05,3184.64,30412.0,96852652.06,F1
000001,2026-06-23 14:11:00,3188.28,3188.37,3187.21,3187.4,20422.0,65092721.41,F1
000001,2026-06-23 14:12:00,3187.8,3189.2,3187.23,3188.11,5063.0,16142881.12,F1
000001,2026-06-23 14:13:00,3185.22,3185.4,3184.16,3184.17,18138.0,57753185.43,F1
000001,2026-06-23 14:14:00,3186.55,3187.45,3184.02,3184.76,26998.0,85982781.22,F1
000001,2026-06-23 14:15:00,3184.47,3187.34,3183.87,3186.02,33901.0,108008828.36,F1
000001,2026-06-23 14:16:00,3184.75,3185.24,3182.54,3183.23,28512.0,90761166.99,F1
000001,2026-06-23 14:17:00,3182.73,3184.17,3181.97,3183.76,32117.0,102253166.67,F1
000001,2026-06-23 14:18:00,3185.87,3186.54,3183.64,3183.97,37612.0,119755172.23,F1
000001,2026-06-23 14:19:00,3180.32,3181.21,3180.17,3180.37,15177.0,48269023.3,F1
000001,2026-06-23 14:20:00,3180.46,3181.67,3179.71,3181.54,18883.0,60077077.35,F1
000001,2026-06-23 14:21:00,3180.34,3183.56,3180.34,3183.35,14639.0,46601633.5,F1
000001,2026-06-23 14:22:00,3187.89,3188.78,3185.3,3186.83,15043.0,47938098.86,F1
000001,2026-06-23 14:23:00,3189.0,3191.13,3188.21,3190.23,19992.0,63778981.57,F1
000001,2026-06-23 14:24:00,3185.45,3187.78,3184.84,3185.87,11853.0,37763381.74,F1
000001,2026-06-23 14:25:00,3183.01,3183.27,3181.61,3182.91,11448.0,36438688.06,F1
000001,2026-06-23 14:26:00,3179.78,3184.76,3178.06,3184.58,40924.0,130326062.11,F1
000001,2026-06-23 14:27:00,3186.59,3187.06,3185.48,3186.25,13538.0,43134234.68,F1
000001,2026-06-23 14:28:00,3188.68,3189.17,3186.91,3187.93,87538.0,279065119.25,F1
000001,2026-06-23 14:29:00,3200.89,3201.38,3200.24,3200.26,9095.0,29105871.29,F1
000001,2026-06-23 14:30:00,3201.01,3202.52,3200.51,3202.12,23770.0,76114302.86,F1
000001,2026-06-23 14:31:00,3204.48,3206.87,3204.47,3205.79,21924.0,70284701.98,F1
000001,2026-06-23 14:32:00,3208.36,3209.03,3207.57,3208.89,14277.0,45814618.39,F1
000001,2026-06-23 14:33:00,3209.95,3211.3,3208.66,3211.01,14623.0,46955520.83,F1
000001,2026-06-23 14:34:00,3209.26,3210.87,3209.01,3210.03,24265.0,77891700.33,F1
000001,2026-06-23 14:35:00,3213.86,3214.0,3212.12,3212.5,20918.0,67200624.57,F1
000001,2026-06-23 14:36:00,3210.47,3211.04,3207.7,3210.05,20596.0,66114693.35,F1
000001,2026-06-23 14:37:00,3211.6,3212.5,3208.39,3209.32,40866.0,131153597.35,F1
000001,2026-06-23 14:38:00,3207.94,3208.13,3207.2,3207.79,18807.0,60327737.08,F1
000001,2026-06-23 14:39:00,3209.08,3210.24,3207.96,3208.09,17587.0,56420109.84,F1
000001,2026-06-23 14:40:00,3215.56,3216.14,3214.16,3215.56,6988.0,22469401.87,F1
000001,2026-06-23 14:41:00,3208.71,3210.76,3208.22,3209.59,20458.0,65660499.46,F1
000001,2026-06-23 14:42:00,3211.1,3213.22,3210.78,3211.82,25597.0,82213631.22,F1
000001,2026-06-23 14:43:00,3207.68,3208.77,3205.68,3206.68,21208.0,68006213.72,F1
000001,2026-06-23 14:44:00,3206.27,3207.31,3203.71,3205.2,33155.0,106267990.91,F1
000001,2026-06-23 14:45:00,3209.33,3210.2,3207.89,3208.72,38666.0,124068723.46,F1
000001,2026-06-23 14:46:00,3207.05,3210.54,3206.19,3208.96,30309.0,97260066.05,F1
000001,2026-06-23 14:47:00,3205.01,3206.12,3204.49,3205.54,20305.0,65087226.96,F1
000001,2026-06-23 14:48:00,3203.34,3204.31,3202.57,3203.28,17041.0,54587924.19,F1
000001,2026-06-23 14:49:00,3205.12,3206.44,3202.66,3205.49,20020.0,64173810.37,F1
000001,2026-06-23 14:50:00,3207.04,3207.8,3203.16,3203.18,19313.0,61864300.79,F1
000001,2026-06-23 14:51:00,3203.94,3204.47,3202.77,3203.91,38452.0,123195929.39,F1
000001,2026-06-23 14:52:00,3205.23,3205.92,3203.66,3204.08,22244.0,71270255.27,F1
000001,2026-06-23 14:53:00,3203.11,3203.67,3201.69,3202.03,16534.0,52943655.67,F1
000001,2026-06-23 14:54:00,3209.1,3210.59,3207.74,3208.93,10575.0,33934101.25,F1
000001,2026-06-23 14:55:00,3211.26,3211.31,3210.83,3211.0,24884.0,79902216.72,F1
000001,2026-06-23 14:56:00,3204.18,3205.97,3202.64,3204.54,14556.0,46644888.13,F1
000001,2026-06-23 14:57:00,3205.0,3206.75,3204.83,3205.17,50551.0,162023824.9,F1
000001,2026-06-23 14:58:00,3203.11,3203.33,3201.87,3203.08,16185.0,51840713.65,F1
000001,2026-06-23 14:59:00,3205.24,3206.15,3204.01,3205.84,29110.0,93322803.28,F1
000001,2026-06-24 09:30:00,3201.55,3203.57,3201.07,3203.33,38952.0,124774855.12,F1
000001,2026-06-24 09:31:00,3205.53,3206.5,3202.22,3203.0,11745.0,37620261.28,F1
000001,2026-06-24 09:32:00,3204.27,3205.1,3203.32,3204.65,21206.0,67956729.65,F1
000001,2026-06-24 09:33:00,3206.94,3207.6,3206.14,3207.45,62616.0,200836632.08,F1
000001,2026-06-24 09:34:00,3201.06,3203.82,3199.12,3203.64,22101.0,70805173.28,F1
000001,2026-06-24 09:35:00,3202.3,3202.94,3202.12,3202.6,43758.0,140138592.69,F1
000001,2026-06-24 09:36:00,3197.57,3202.58,3196.2,3201.11,19277.0,61708182.12,F1
000001,2026-06-24 09:37:00,3198.37,3199.62,3196.83,3199.05,27753.0,88782157.6,F1
000001,2026-06-24 09:38:00,3207.98,3209.29,3204.55,3204.74,15820.0,50697861.7,F1
000001,2026-06-24 09:39:00,3206.75,3206.77,3205.45,3206.07,28112.0,90127555.23,F1
000001,2026-06-24 09:40:00,3204.95,3205.13,3201.37,3202.06,11538.0,36943970.05,F1
000001,2026-06-24 09:41:00,3203.5,3205.49,3202.07,3205.03,26313.0,84333017.68,F1
000001,2026-06-24 09:42:00,3211.37,3211.87,3210.17,3211.87,29800.0,95713236.58,F1
000001,2026-06-24 09:43:00,3216.64,3217.08,3214.77,3215.22,25158.0,80889216.34,F1
000001,2026-06-24 09:44:00,3209.67,3210.44,3207.65,3210.37,19467.0,62497039.27,F1
000001,2026-06-24 09:45:00,3208.28,3209.47,3207.56,3208.85,20118.0,64556816.6,F1
000001,2026-06-24 09:46:00,3211.91,3214.23,3210.54,3212.95,16314.0,52416578.69,F1
000001,2026-06-24 09:47:00,3207.71,3211.68,3207.06,3210.71,32706.0,105009397.01,F1
000001,2026-06-24 09:48:00,3209.0,3213.03,3207.84,3212.17,31742.0,101959219.13,F1
000001,2026-06-24 09:49:00,3214.71,3215.63,3214.3,3214.69,31044.0,99796660.8,F1
000001,2026-06-24 09:50:00,3211.91,3212.48,3209.84,3211.74,10076.0,32360474.62,F1
000001,2026-06-24 09:51:00,3214.18,3214.28,3210.72,3211.58,11326.0,36373927.0,F1
000001,2026-06-24 09:52:00,3200.92,3202.11,3200.8,3201.22,46891.0,150108030.37,F1
000001,2026-06-24 09:53:00,3195.66,3197.99,3194.46,3197.98,26418.0,84485449.64,F1
000001,2026-06-24 09:54:00,3198.62,3199.02,3194.7,3197.2,24330.0,77788599.92,F1
000001,2026-06-24 09:55:00,3193.94,3194.33,3192.06,3193.25,12893.0,41171908.59,F1
000001,2026-06-24 09:56:00,3199.58,3200.73,3196.79,3198.5,25844.0,82661285.24,F1
000001,2026-06-24 09:57:00,3193.15,3194.04,3192.82,3193.96,17264.0,55140861.05,F1
000001,2026-06-24 09:58:00,3191.51,3192.62,3190.46,3192.58,12799.0,40860453.75,F1
000001,2026-06-24 09:59:00,3194.12,3195.22,3192.39,3193.03,27758.0,88633655.61,F1
000001,2026-06-24 10:00:00,3194.91,3198.32,3193.77,3197.67,4961.0,15864509.49,F1
000001,2026-06-24 10:01:00,3192.37,3193.56,3191.62,3193.11,7145.0,22816226.41,F1
000001,2026-06-24 10:02:00,3195.91,3198.23,3194.24,3196.86,13219.0,42260109.34,F1
000001,2026-06-24 10:03:00,3197.06,3197.84,3196.13,3196.93,10522.0,33639193.48,F1
000001,2026-06-24 10:04:00,3194.49,3195.83,3193.2,3193.82,3822.0,12205945.24,F1
000001,2026-06-24 10:05:00,3197.01,3197.97,3194.96,3195.33,9183.0,29342456.81,F1
000001,2026-06-24 10:06:00,3199.19,3202.17,3195.42,3196.0,7394.0,23630686.73,F1
000001,2026-06-24 10:07:00,3194.97,3195.82,3193.81,3194.11,19883.0,63507621.53,F1
000001,2026-06-24 10:08:00,3194.74,3195.21,3193.73,3194.37,10005.0,31958153.77,F1
000001,2026-06-24 10:09:00,3194.51,3195.1,3192.63,3193.17,4675.0,14927148.72,F1
000001,2026-06-24 10:10:00,3194.27,3195.01,3193.13,3193.56,18718.0,59777448.08,F1
000001,2026-06-24 10:11:00,3195.7,3196.35,3194.66,3195.71,6677.0,21338320.27,F1
000001,2026-06-24 10:12:00,3201.93,3202.74,3200.53,3200.82,7818.0,25024385.57,F1
000001,2026-06-24 10:13:00,3194.46,3197.23,3193.61,3196.89,10803.0,34536788.55,F1
000001,2026-06-24 10:14:00,3204.55,3204.6,3203.74,3203.75,5825.0,18660426.4,F1
000001,2026-06-24 10:15:00,3198.65,3199.05,3197.06,3197.53,6229.0,19917646.69,F1
000001,2026-06-24 10:16:00,3193.64,3198.13,3193.18,3197.08,5264.0,16828836.29,F1
000001,2026-06-24 10:17:00,3200.1,3200.48,3197.97,3198.99,11031.0,35289414.1,F1
000001,2026-06-24 10:18:00,3201.02,3202.33,3198.76,3199.92,9234.0,29547416.67,F1
000001,2026-06-24 10:19:00,3197.37,3198.1,3195.67,3197.96,9940.0,31787869.62,F1
000001,2026-06-24 10:20:00,3195.68,3198.63,3194.22,3197.33,14134.0,45191292.2,F1
000001,2026-06-24 10:21:00,3194.78,3197.25,3194.27,3195.78,3451.0,11027567.24,F1
000001,2026-06-24 10:22:00,3192.15,3195.12,3192.0,3193.93,6160.0,19675106.68,F1
000001,2026-06-24 10:23:00,3196.94,3197.42,3195.61,3196.68,16718.0,53442541.27,F1
000001,2026-06-24 10:24:00,3197.28,3199.13,3196.88,3197.85,9229.0,29514000.25,F1
000001,2026-06-24 10:25:00,3194.13,3196.59,3193.8,3195.67,7908.0,25272463.33,F1
000001,2026-06-24 10:26:00,3198.63,3199.36,3198.36,3198.58,5105.0,16327235.46,F1
000001,2026-06-24 10:27:00,3201.02,3202.01,3197.82,3199.59,5091.0,16289374.79,F1
000001,2026-06-24 10:28:00,3199.83,3202.85,3199.75,3202.23,3925.0,12569443.18,F1
000001,2026-06-24 10:29:00,3202.8,3205.24,3202.6,3204.28,8389.0,26880554.16,F1
000001,2026-06-24 10:30:00,3200.5,3201.82,3199.97,3201.65,7074.0,22648291.37,F1
000001,2026-06-24 10:31:00,3202.57,3203.86,3198.64,3199.89,12269.0,39260856.16,F1
000001,2026-06-24 10:32:00,3203.62,3204.72,3201.53,3202.32,17483.0,55985069.54,F1
000001,2026-06-24 10:33:00,3202.5,3205.19,3201.53,3204.3,9281.0,29739826.48,F1
000001,2026-06-24 10:34:00,3205.15,3205.48,3203.89,3204.27,4175.0,13376407.02,F1
000001,2026-06-24 10:35:00,3206.35,3207.48,3204.46,3204.68,7929.0,25409354.71,F1
000001,2026-06-24 10:36:00,3206.35,3209.3,3205.8,3208.81,7855.0,25205142.3,F1
000001,2026-06-24 10:37:00,3208.74,3209.06,3206.4,3206.94,4867.0,15607160.27,F1
000001,2026-06-24 10:38:00,3208.69,3208.9,3208.47,3208.73,6736.0,21614310.17,F1
000001,2026-06-24 10:39:00,3207.9,3208.91,3207.48,3208.11,3629.0,11642222.08,F1
000001,2026-06-24 10:40:00,3210.25,3211.58,3206.2,3207.44,11440.0,36692526.49,F1
000001,2026-06-24 10:41:00,3210.2,3211.26,3209.91,3211.0,7207.0,23141419.65,F1
000001,2026-06-24 10:42:00,3212.43,3214.35,3211.54,3213.69,5346.0,17180109.37,F1
000001,2026-06-24 10:43:00,3216.23,3217.02,3215.57,3216.33,17045.0,54823008.79,F1
000001,2026-06-24 10:44:00,3219.63,3220.8,3219.15,3220.57,10260.0,33042794.05,F1
000001,2026-06-24 10:45:00,3220.79,3221.51,3220.2,3220.67,4364.0,14055336.81,F1
000001,2026-06-24 10:46:00,3224.3,3225.16,3222.16,3222.9,8258.0,26615513.23,F1
000001,2026-06-24 10:47:00,3223.03,3223.23,3220.89,3221.93,26422.0,85128451.74,F1
000001,2026-06-24 10:48:00,3221.74,3224.34,3221.45,3223.01,11623.0,37462501.94,F1
000001,2026-06-24 10:49:00,3222.25,3224.02,3220.95,3222.62,11458.0,36925353.44,F1
000001,2026-06-24 10:50:00,3221.99,3224.63,3220.06,3222.96,5523.0,17800344.14,F1
000001,2026-06-24 10:51:00,3224.03,3225.75,3223.65,3224.91,7921.0,25545102.95,F1
000001,2026-06-24 10:52:00,3222.35,3224.21,3222.3,3222.31,5740.0,18494606.22,F1
000001,2026-06-24 10:53:00,3228.29,3230.49,3227.08,3229.09,12168.0,39293063.49,F1
000001,2026-06-24 10:54:00,3225.43,3226.15,3224.66,3225.88,9605.0,30984126.91,F1
000001,2026-06-24 10:55:00,3222.91,3223.85,3221.67,3221.99,5966.0,19223372.09,F1
000001,2026-06-24 10:56:00,3224.01,3226.56,3221.16,3225.76,15098.0,48703607.51,F1
000001,2026-06-24 10:57:00,3226.17,3229.63,3225.7,3228.35,10653.0,34392804.62,F1
000001,2026-06-24 10:58:00,3231.28,3231.53,3230.27,3230.39,9547.0,30839269.38,F1
000001,2026-06-24 10:59:00,3232.6,3234.75,3232.23,3232.46,5294.0,17112072.77,F1
000001,2026-06-24 11:00:00,3232.73,3235.63,3232.09,3232.45,6927.0,22392371.69,F1
000001,2026-06-24 11:01:00,3231.07,3231.54,3229.18,3229.58,10976.0,35446454.6,F1
000001,2026-06-24 11:02:00,3233.18,3234.28,3229.4,3229.86,5099.0,16469219.92,F1
000001,2026-06-24 11:03:00,3228.6,3229.49,3227.3,3227.71,6992.0,22566615.54,F1
000001,2026-06-24 11:04:00,3232.46,3233.35,3229.68,3230.89,8329.0,26909214.06,F1
000001,2026-06-24 11:05:00,3229.3,3231.66,3229.09,3230.45,6945.0,22435022.7,F1
000001,2026-06-24 11:06:00,3231.73,3232.15,3226.48,3227.81,6110.0,19720567.88,F1
000001,2026-06-24 11:07:00,3228.45,3230.48,3225.27,3226.81,3165.0,10214165.89,F1
000001,2026-06-24 11:08:00,3231.19,3231.57,3227.33,3228.17,10586.0,34174345.7,F1
000001,2026-06-24 11:09:00,3222.13,3226.39,3221.82,3226.38,12863.0,41502017.43,F1
000001,2026-06-24 11:10:00,3222.13,3223.85,3221.24,3223.77,9207.0,29680392.02,F1
000001,2026-06-24 11:11:00,3223.14,3224.98,3222.18,3224.58,11221.0,36183982.8,F1
000001,2026-06-24 11:12:00,3226.79,3227.02,3225.37,3225.41,3927.0,12667095.11,F1
000001,2026-06-24 11:13:00,3223.32,3223.85,3220.79,3223.8,4647.0,14981602.47,F1
000001,2026-06-24 11:14:00,3224.68,3225.64,3222.05,3222.32,19522.0,62906887.89,F1
000001,2026-06-24 11:15:00,3223.7,3224.07,3223.05,3223.1,14940.0,48152444.83,F1
000001,2026-06-24 11:16:00,3220.23,3220.83,3217.19,3218.47,7321.0,23562561.33,F1
000001,2026-06-24 11:17:00,3212.69,3214.03,3211.49,3213.97,6447.0,20720034.77,F1
000001,2026-06-24 11:18:00,3211.63,3211.75,3210.81,3211.69,2635.0,8462112.2,F1
000001,2026-06-24 11:19:00,3210.07,3211.24,3208.91,3211.04,6336.0,20346091.06,F1
000001,2026-06-24 11:20:00,3209.06,3212.67,3208.45,3212.07,4470.0,14358291.92,F1
000001,2026-06-24 11:21:00,3215.84,3217.02,3215.26,3216.85,2690.0,8652629.53,F1
000001,2026-06-24 11:22:00,3221.08,3222.32,3219.01,3219.64,4588.0,14771078.59,F1
000001,2026-06-24 11:23:00,3218.83,3219.16,3218.25,3219.16,11318.0,36435160.66,F1
000001,2026-06-24 11:24:00,3217.95,3219.21,3217.5,3219.13,16779.0,54015236.34,F1
000001,2026-06-24 11:25:00,3217.07,3217.83,3215.85,3215.93,16403.0,52751491.32,F1
000001,2026-06-24 11:26:00,3216.57,3217.4,3214.55,3215.91,11487.0,36940392.27,F1
000001,2026-06-24 11:27:00,3214.3,3215.47,3214.01,3215.01,10215.0,32840670.34,F1
000001,2026-06-24 11:28:00,3216.4,3216.7,3214.44,3216.08,13846.0,44530733.61,F1
000001,2026-06-24 11:29:00,3213.76,3214.67,3212.46,3213.45,9887.0,31771012.31,F1
000001,2026-06-24 13:00:00,3218.06,3218.27,3214.34,3215.15,5849.0,18804114.25,F1
000001,2026-06-24 13:01:00,3218.36,3220.88,3218.01,3220.12,4013.0,12921329.07,F1
000001,2026-06-24 13:02:00,3219.83,3220.7,3218.92,3219.8,17320.0,55768326.0,F1
000001,2026-06-24 13:03:00,3221.95,3222.95,3220.49,3221.13,12422.0,40014361.9,F1
000001,2026-06-24 13:04:00,3221.62,3224.24,3221.46,3223.38,10685.0,34442855.13,F1
000001,2026-06-24 13:05:00,3220.23,3222.99,3219.65,3222.12,5043.0,16250289.84,F1
000001,2026-06-24 13:06:00,3223.62,3224.94,3222.06,3222.88,4375.0,14101161.67,F1
000001,2026-06-24 13:07:00,3223.84,3224.44,3222.28,3222.95,10840.0,34937289.14,F1
000001,2026-06-24 13:08:00,3223.72,3224.24,3222.32,3223.3,3037.0,9789753.35,F1
000001,2026-06-24 13:09:00,3221.4,3222.91,3220.75,3220.84,7103.0,22877685.21,F1
000001,2026-06-24 13:10:00,3222.04,3222.33,3220.63,3220.95,11684.0,37632045.47,F1
000001,2026-06-24 13:11:00,3223.13,3223.43,3222.13,3222.59,3760.0,12117401.32,F1
000001,2026-06-24 13:12:00,3228.52,3229.11,3226.31,3227.3,7172.0,23146637.31,F1
000001,2026-06-24 13:13:00,3230.36,3230.56,3230.04,3230.43,16576.0,53546070.39,F1
000001,2026-06-24 13:14:00,3239.17,3240.45,3236.82,3237.42,15748.0,50982827.66,F1
000001,2026-06-24 13:15:00,3235.6,3236.66,3233.02,3234.97,13519.0,43733728.74,F1
000001,2026-06-24 13:16:00,3238.23,3239.25,3237.69,3237.83,8201.0,26551830.71,F1
000001,2026-06-24 13:17:00,3237.88,3239.97,3237.09,3238.45,17434.0,56459545.97,F1
000001,2026-06-24 13:18:00,3246.4,3247.76,3245.23,3245.58,2836.0,9202977.45,F1
000001,2026-06-24 13:19:00,3244.01,3244.87,3242.42,3243.0,8619.0,27952758.01,F1
000001,2026-06-24 13:20:00,3243.47,3243.96,3239.28,3240.31,16998.0,55077649.73,F1
000001,2026-06-24 13:21:00,3241.57,3241.58,3237.41,3238.4,15847.0,51318990.39,F1
000001,2026-06-24 13:22:00,3230.36,3232.03,3229.17,3231.56,18817.0,60807683.39,F1
000001,2026-06-24 13:23:00,3230.8,3231.65,3227.97,3229.89,6214.0,20069631.65,F1
000001,2026-06-24 13:24:00,3226.93,3227.8,3225.43,3227.47,12419.0,40082190.71,F1
000001,2026-06-24 13:25:00,3228.66,3229.11,3227.95,3227.99,10711.0,34576500.55,F1
000001,2026-06-24 13:26:00,3225.04,3229.41,3224.81,3229.13,4557.0,14716204.5,F1
000001,2026-06-24 13:27:00,3235.85,3236.05,3233.52,3235.22,17792.0,57561406.02,F1
000001,2026-06-24 13:28:00,3237.58,3238.48,3237.51,3238.33,6465.0,20936062.11,F1
000001,2026-06-24 13:29:00,3236.81,3237.55,3235.4,3236.5,11063.0,35805144.29,F1
000001,2026-06-24 13:30:00,3234.64,3235.42,3232.75,3233.62,5909.0,19107075.03,F1
000001,2026-06-24 13:31:00,3235.65,3236.45,3235.21,3235.25,10172.0,32908136.16,F1
000001,2026-06-24 13:32:00,3230.17,3231.2,3229.98,3231.01,5579.0,18024826.62,F1
000001,2026-06-24 13:33:00,3236.68,3238.47,3236.2,3236.96,7027.0,22747220.22,F1
000001,2026-06-24 13:34:00,3240.4,3241.05,3240.34,3240.82,10298.0,33374458.62,F1
000001,2026-06-24 13:35:00,3240.75,3241.38,3238.16,3239.33,4813.0,15589361.94,F1
000001,2026-06-24 13:36:00,3233.03,3234.16,3232.28,3233.82,4238.0,13706216.57,F1
000001,2026-06-24 13:37:00,3237.49,3238.41,3236.91,3238.23,6132.0,19857071.13,F1
000001,2026-06-24 13:38:00,3237.22,3238.79,3237.19,3237.89,5302.0,17166380.38,F1
000001,2026-06-24 13:39:00,3242.86,3244.6,3241.58,3241.93,9420.0,30537903.35,F1
000001,2026-06-24 13:40:00,3237.1,3239.71,3236.46,3236.8,4905.0,15875916.08,F1
000001,2026-06-24 13:41:00,3234.74,3236.62,3234.66,3234.89,5343.0,17282823.45,F1
000001,2026-06-24 13:42:00,3236.42,3236.96,3234.83,3234.94,5897.0,19076886.96,F1
000001,2026-06-24 13:43:00,3237.94,3238.25,3233.35,3235.13,12174.0,39385167.18,F1
000001,2026-06-24 13:44:00,3234.48,3234.84,3233.32,3233.71,3091.0,9994520.99,F1
000001,2026-06-24 13:45:00,3235.3,3236.57,3235.25,3235.75,4013.0,12986511.71,F1
000001,2026-06-24 13:46:00,3232.25,3233.98,3231.04,3232.33,7856.0,25392314.67,F1
000001,2026-06-24 13:47:00,3233.44,3233.8,3230.25,3231.9,5104.0,16495426.94,F1
000001,2026-06-24 13:48:00,3234.85,3235.12,3232.09,3232.33,6975.0,22545317.14,F1
000001,2026-06-24 13:49:00,3237.1,3238.68,3231.87,3234.02,7484.0,24202315.5,F1
000001,2026-06-24 13:50:00,3236.83,3238.31,3234.92,3236.36,4519.0,14626029.08,F1
000001,2026-06-24 13:51:00,3233.1,3234.16,3232.18,3232.75,5331.0,17235077.09,F1
000001,2026-06-24 13:52:00,3226.85,3228.35,3226.31,3227.83,12292.0,39674978.73,F1
000001,2026-06-24 13:53:00,3230.2,3232.2,3229.02,3231.99,6269.0,20261920.13,F1
000001,2026-06-24 13:54:00,3231.93,3233.32,3230.79,3233.09,8929.0,28868111.59,F1
000001,2026-06-24 13:55:00,3229.85,3231.17,3228.78,3230.71,11392.0,36804680.84,F1
000001,2026-06-24 13:56:00,3236.41,3236.71,3234.94,3235.75,5201.0,16830049.84,F1
000001,2026-06-24 13:57:00,3237.03,3238.22,3235.54,3236.16,10190.0,32977498.23,F1
000001,2026-06-24 13:58:00,3236.63,3240.58,3236.6,3240.01,5142.0,16659484.5,F1
000001,2026-06-24 13:59:00,3238.74,3240.91,3238.46,3240.26,7379.0,23908508.79,F1
000001,2026-06-24 14:00:00,3243.35,3249.04,3242.75,3246.98,27690.0,89910340.93,F1
000001,2026-06-24 14:01:00,3248.25,3253.2,3247.73,3252.72,44098.0,143438145.27,F1
000001,2026-06-24 14:02:00,3251.31,3252.31,3251.17,3251.94,7591.0,24685420.49,F1
000001,2026-06-24 14:03:00,3256.38,3256.59,3254.64,3255.13,156862.0,510605088.13,F1
000001,2026-06-24 14:04:00,3253.87,3258.95,3253.59,3257.27,25429.0,82830590.59,F1
000001,2026-06-24 14:05:00,3261.69,3262.18,3261.13,3261.76,25971.0,84712739.01,F1
000001,2026-06-24 14:06:00,3256.17,3259.38,3255.77,3258.65,12519.0,40793470.47,F1
000001,2026-06-24 14:07:00,3260.18,3262.15,3259.66,3260.92,26350.0,85925407.15,F1
000001,2026-06-24 14:08:00,3263.21,3265.14,3262.54,3264.4,55509.0,181204385.02,F1
000001,2026-06-24 14:09:00,3258.41,3259.35,3258.32,3258.7,42106.0,137209413.99,F1
000001,2026-06-24 14:10:00,3253.71,3255.6,3253.52,3254.88,21331.0,69429030.71,F1
000001,2026-06-24 14:11:00,3248.43,3248.67,3248.17,3248.28,24523.0,79656730.84,F1
000001,2026-06-24 14:12:00,3250.0,3250.96,3246.59,3247.44,17540.0,56959516.38,F1
000001,2026-06-24 14:13:00,3248.35,3250.73,3247.5,3249.8,45997.0,149481616.64,F1
000001,2026-06-24 14:14:00,3253.74,3254.94,3252.14,3254.72,18102.0,58916128.74,F1
000001,2026-06-24 14:15:00,3256.61,3257.07,3254.37,3254.99,20025.0,65181975.45,F1
000001,2026-06-24 14:16:00,3260.86,3261.98,3260.25,3260.33,4937.0,16094943.65,F1
000001,2026-06-24 14:17:00,3255.56,3257.46,3254.38,3255.87,32491.0,105784787.55,F1
000001,2026-06-24 14:18:00,3251.12,3252.6,3249.43,3250.36,52769.0,171518522.59,F1
000001,2026-06-24 14:19:00,3251.72,3251.95,3249.1,3250.21,12668.0,41174427.07,F1
000001,2026-06-24 14:20:00,3250.15,3252.08,3249.63,3251.49,12987.0,42227824.9,F1
000001,2026-06-24 14:21:00,3253.4,3253.66,3251.07,3251.42,16561.0,53847706.12,F1
000001,2026-06-24 14:22:00,3241.78,3245.0,3239.92,3244.73,21283.0,69058986.98,F1
000001,2026-06-24 14:23:00,3242.26,3246.41,3241.37,3244.48,23222.0,75344868.59,F1
000001,2026-06-24 14:24:00,3242.33,3243.15,3239.75,3240.28,24341.0,78870689.81,F1
000001,2026-06-24 14:25:00,3242.91,3244.15,3241.77,3242.48,25447.0,82512183.45,F1
000001,2026-06-24 14:26:00,3241.02,3244.64,3240.9,3243.7,23079.0,74862037.12,F1
000001,2026-06-24 14:27:00,3238.86,3243.03,3237.38,3240.69,29764.0,96456295.35,F1
000001,2026-06-24 14:28:00,3239.17,3239.38,3238.13,3239.06,22897.0,74163138.42,F1
000001,2026-06-24 14:29:00,3236.08,3237.28,3235.34,3235.66,20381.0,65946792.51,F1
000001,2026-06-24 14:30:00,3232.4,3236.33,3232.0,3235.49,56605.0,183143301.88,F1
000001,2026-06-24 14:31:00,3239.52,3240.81,3238.14,3238.61,10161.0,32908738.68,F1
000001,2026-06-24 14:32:00,3237.21,3237.66,3235.36,3235.46,42740.0,138284454.5,F1
000001,2026-06-24 14:33:00,3235.04,3238.48,3234.47,3237.12,37019.0,119835261.22,F1
000001,2026-06-24 14:34:00,3232.98,3238.18,3232.54,3235.44,29024.0,93904536.14,F1
000001,2026-06-24 14:35:00,3234.84,3235.29,3232.5,3232.9,39220.0,126795529.82,F1
000001,2026-06-24 14:36:00,3229.57,3232.97,3229.38,3232.59,27573.0,89133723.27,F1
000001,2026-06-24 14:37:00,3228.45,3229.31,3226.04,3229.28,15849.0,51181541.1,F1
000001,2026-06-24 14:38:00,3228.25,3229.21,3227.47,3227.52,27541.0,88889653.21,F1
000001,2026-06-24 14:39:00,3223.14,3223.86,3222.21,3223.69,19865.0,64037316.31,F1
000001,2026-06-24 14:40:00,3231.05,3231.2,3229.49,3230.06,24640.0,79587301.23,F1
000001,2026-06-24 14:41:00,3231.36,3233.35,3229.09,3230.21,18618.0,60139342.21,F1
000001,2026-06-24 14:42:00,3228.67,3229.83,3226.65,3227.98,15449.0,49868093.16,F1
000001,2026-06-24 14:43:00,3228.24,3229.46,3226.56,3228.71,14352.0,46336955.46,F1
000001,2026-06-24 14:44:00,3227.48,3228.57,3226.31,3228.37,18073.0,58345555.12,F1
000001,2026-06-24 14:45:00,3228.21,3228.53,3227.6,3227.69,16904.0,54562482.33,F1
000001,2026-06-24 14:46:00,3227.26,3230.02,3225.56,3229.71,22230.0,71796630.65,F1
000001,2026-06-24 14:47:00,3232.55,3233.22,3230.96,3232.19,51599.0,166777663.56,F1
000001,2026-06-24 14:48:00,3230.83,3232.42,3229.8,3230.51,54668.0,176604841.09,F1
000001,2026-06-24 14:49:00,3229.93,3230.47,3228.45,3228.68,19453.0,62806188.52,F1
000001,2026-06-24 14:50:00,3229.76,3229.9,3225.92,3227.82,12599.0,40668735.94,F1
000001,2026-06-24 14:51:00,3220.14,3220.73,3220.08,3220.43,40517.0,130483442.73,F1
000001,2026-06-24 14:52:00,3212.45,3215.73,3210.7,3215.59,32204.0,103555935.35,F1
000001,2026-06-24 14:53:00,3219.87,3220.43,3219.03,3220.02,41762.0,134473223.47,F1
000001,2026-06-24 14:54:00,3227.03,3227.6,3225.23,3225.35,29435.0,94937258.99,F1
000001,2026-06-24 14:55:00,3223.44,3225.41,3221.85,3224.58,37621.0,121310556.84,F1
000001,2026-06-24 14:56:00,3225.3,3226.83,3224.05,3226.48,29325.0,94616348.25,F1
000001,2026-06-24 14:57:00,3228.24,3230.05,3226.39,3227.51,19119.0,61706354.86,F1
000001,2026-06-24 14:58:00,3237.01,3238.67,3236.63,3237.5,24978.0,80865077.46,F1
000001,2026-06-24 14:59:00,3240.84,3241.89,3239.82,3241.16,50398.0,163347262.99,F1
000001,2026-06-25 09:30:00,3239.99,3241.37,3239.51,3240.77,18416.0,59682701.33,F1
000001,2026-06-25 09:31:00,3237.49,3238.43,3235.63,3237.71,42580.0,137863288.39,F1
000001,2026-06-25 09:32:00,3232.66,3233.06,3232.46,3232.55,21617.0,69876514.04,F1
000001,2026-06-25 09:33:00,3230.44,3234.69,3230.4,3233.24,27488.0,88874872.22,F1
000001,2026-06-25 09:34:00,3232.36,3233.35,3230.37,3230.82,19268.0,62250183.86,F1
000001,2026-06-25 09:35:00,3227.63,3229.69,3226.17,3226.26,16295.0,52570727.47,F1
000001,2026-06-25 09:36:00,3224.91,3225.36,3223.53,3224.21,15428.0,49741832.32,F1
000001,2026-06-25 09:37:00,3220.58,3221.63,3219.77,3220.76,18314.0,58983518.63,F1
000001,2026-06-25 09:38:00,3221.54,3226.59,3220.54,3226.23,9744.0,31434967.68,F1
000001,2026-06-25 09:39:00,3227.11,3229.21,3225.82,3229.11,25760.0,83182973.22,F1
000001,2026-06-25 09:40:00,3228.13,3229.56,3227.69,3229.11,15564.0,50257122.79,F1
000001,2026-06-25 09:41:00,3232.06,3235.63,3231.68,3233.93,23838.0,77089659.82,F1
000001,2026-06-25 09:42:00,3234.05,3234.61,3233.14,3234.21,29855.0,96558870.26,F1
000001,2026-06-25 09:43:00,3229.33,3232.21,3228.36,3231.46,15120.0,48860088.55,F1
000001,2026-06-25 09:44:00,3234.04,3236.9,3233.1,3236.42,28504.0,92252157.03,F1
000001,2026-06-25 09:45:00,3239.78,3240.29,3237.12,3238.19,18669.0,60452982.78,F1
000001,2026-06-25 09:46:00,3233.61,3236.16,3232.45,3234.87,34436.0,111394965.05,F1
000001,2026-06-25 09:47:00,3235.73,3237.51,3233.89,3234.29,31450.0,101718991.49,F1
000001,2026-06-25 09:48:00,3235.17,3235.77,3230.0,3231.49,8604.0,27804067.17,F1
000001,2026-06-25 09:49:00,3228.2,3230.03,3226.69,3227.05,27410.0,88452980.91,F1
000001,2026-06-25 09:50:00,3230.38,3230.79,3229.86,3230.08,41749.0,134852772.91,F1
000001,2026-06-25 09:51:00,3234.74,3236.94,3233.99,3236.28,33359.0,107960565.72,F1
000001,2026-06-25 09:52:00,3233.25,3233.68,3230.64,3231.79,12222.0,39498437.77,F1
000001,2026-06-25 09:53:00,3236.34,3237.82,3232.93,3233.64,53686.0,173600030.58,F1
000001,2026-06-25 09:54:00,3228.9,3232.08,3228.18,3231.57,31595.0,102100083.53,F1
000001,2026-06-25 09:55:00,3228.34,3230.77,3227.01,3230.03,31182.0,100719377.18,F1
000001,2026-06-25 09:56:00,3228.61,3229.57,3227.33,3228.15,41143.0,132815880.87,F1
000001,2026-06-25 09:57:00,3226.65,3226.69,3224.99,3225.4,7999.0,25800566.13,F1
000001,2026-06-25 09:58:00,3223.86,3227.43,3222.62,3225.58,24215.0,78108493.58,F1
000001,2026-06-25 09:59:00,3224.56,3225.77,3222.76,3222.94,35206.0,113465146.63,F1
000001,2026-06-25 10:00:00,3223.86,3226.64,3222.23,3223.84,13758.0,44353102.65,F1
000001,2026-06-25 10:01:00,3223.43,3224.46,3223.01,3223.71,5616.0,18105215.81,F1
000001,2026-06-25 10:02:00,3223.34,3225.14,3222.39,3222.97,9406.0,30314569.74,F1
000001,2026-06-25 10:03:00,3221.11,3222.13,3219.73,3220.08,8726.0,28097942.69,F1
000001,2026-06-25 10:04:00,3216.84,3218.95,3215.69,3218.26,16617.0,53477049.54,F1
000001,2026-06-25 10:05:00,3220.34,3220.77,3219.46,3220.72,14565.0,46909897.74,F1
000001,2026-06-25 10:06:00,3223.44,3225.32,3221.52,3222.37,6708.0,21614345.49,F1
000001,2026-06-25 10:07:00,3219.62,3220.25,3219.04,3219.25,5237.0,16859479.61,F1
000001,2026-06-25 10:08:00,3221.02,3221.72,3218.72,3219.6,15958.0,51378734.67,F1
000001,2026-06-25 10:09:00,3223.94,3224.07,3221.98,3222.06,10690.0,34442567.84,F1
000001,2026-06-25 10:10:00,3215.33,3216.74,3213.25,3216.71,12559.0,40400120.54,F1
000001,2026-06-25 10:11:00,3215.98,3219.95,3215.66,3218.49,7289.0,23460656.23,F1
000001,2026-06-25 10:12:00,3215.38,3216.67,3214.02,3216.39,2336.0,7512748.32,F1
000001,2026-06-25 10:13:00,3220.32,3220.64,3217.1,3218.26,4733.0,15232481.44,F1
000001,2026-06-25 10:14:00,3218.53,3219.45,3214.73,3215.84,14309.0,46016052.04,F1
000001,2026-06-25 10:15:00,3210.62,3211.52,3209.86,3210.07,4852.0,15574917.97,F1
000001,2026-06-25 10:16:00,3206.65,3207.67,3204.37,3204.88,9709.0,31116901.49,F1
000001,2026-06-25 10:17:00,3207.89,3207.89,3203.93,3205.07,10145.0,32515459.03,F1
000001,2026-06-25 10:18:00,3209.28,3210.26,3205.59,3205.93,9979.0,31991537.79,F1
000001,2026-06-25 10:19:00,3202.98,3204.01,3201.9,3203.07,25849.0,82795561.02,F1
000001,2026-06-25 10:20:00,3205.46,3206.33,3203.66,3205.15,9219.0,29547249.83,F1
000001,2026-06-25 10:21:00,3201.62,3202.08,3199.86,3199.86,6035.0,19311781.2,F1
000001,2026-06-25 10:22:00,3197.93,3200.48,3197.05,3199.68,3741.0,11970319.22,F1
000001,2026-06-25 10:23:00,3198.38,3198.93,3194.5,3195.84,4142.0,13237188.65,F1
000001,2026-06-25 10:24:00,3191.61,3193.93,3191.12,3193.79,19894.0,63537649.76,F1
000001,2026-06-25 10:25:00,3195.1,3195.33,3192.99,3193.97,14988.0,47871000.97,F1
000001,2026-06-25 10:26:00,3189.72,3192.81,3189.44,3191.26,17949.0,57279927.1,F1
000001,2026-06-25 10:27:00,3191.14,3191.27,3189.56,3190.06,6833.0,21798272.41,F1
000001,2026-06-25 10:28:00,3193.99,3194.06,3192.74,3193.3,7459.0,23819039.64,F1
000001,2026-06-25 10:29:00,3191.62,3193.66,3191.06,3191.49,4965.0,15845308.24,F1
000001,2026-06-25 10:30:00,3192.35,3195.81,3190.63,3194.19,4115.0,13142562.37,F1
000001,2026-06-25 10:31:00,3189.49,3192.49,3188.99,3190.62,8856.0,28256827.15,F1
000001,2026-06-25 10:32:00,3192.98,3193.11,3192.27,3192.34,4458.0,14230007.89,F1
000001,2026-06-25 10:33:00,3199.3,3201.03,3195.37,3196.98,4856.0,15524774.79,F1
000001,2026-06-25 10:34:00,3188.67,3190.04,3188.19,3189.12,5630.0,17954731.46,F1
000001,2026-06-25 10:35:00,3190.06,3191.2,3186.41,3186.61,13541.0,43150586.48,F1
000001,2026-06-25 10:36:00,3190.25,3190.79,3187.7,3188.48,8426.0,26865998.24,F1
000001,2026-06-25 10:37:00,3189.24,3189.37,3186.36,3187.87,5424.0,17290974.88,F1
000001,2026-06-25 10:38:00,3188.96,3189.16,3187.08,3189.08,4052.0,12922682.22,F1
000001,2026-06-25 10:39:00,3187.99,3189.42,3185.02,3187.19,6620.0,21098149.88,F1
000001,2026-06-25 10:40:00,3188.28,3188.83,3187.31,3187.5,7712.0,24583071.46,F1
000001,2026-06-25 10:41:00,3187.73,3190.15,3186.38,3187.03,8631.0,27506543.7,F1
000001,2026-06-25 10:42:00,3190.43,3192.75,3189.79,3190.79,6624.0,21135936.95,F1
000001,2026-06-25 10:43:00,3194.81,3195.61,3191.11,3191.63,7529.0,24029072.91,F1
000001,2026-06-25 10:44:00,3194.08,3194.28,3191.5,3192.74,6210.0,19826917.84,F1
000001,2026-06-25 10:45:00,3190.49,3191.53,3190.08,3191.46,9988.0,31875120.5,F1
000001,2026-06-25 10:46:00,3187.1,3190.95,3186.86,3189.94,16192.0,51651091.27,F1
000001,2026-06-25 10:47:00,3189.3,3190.35,3188.14,3188.59,15885.0,50649817.1,F1
000001,2026-06-25 10:48:00,3190.71,3190.8,3187.7,3189.88,12639.0,40315892.85,F1
000001,2026-06-25 10:49:00,3189.48,3190.7,3187.33,3188.57,9380.0,29909434.04,F1
000001,2026-06-25 10:50:00,3189.75,3190.34,3189.39,3189.52,17931.0,57192881.88,F1
000001,2026-06-25 10:51:00,3197.29,3198.39,3196.07,3196.18,5418.0,17317510.28,F1
000001,2026-06-25 10:52:00,3198.38,3199.4,3197.92,3199.0,4326.0,13839333.94,F1
000001,2026-06-25 10:53:00,3197.78,3198.53,3194.97,3197.99,22618.0,72330977.72,F1
000001,2026-06-25 10:54:00,3203.61,3203.97,3201.85,3201.86,4511.0,14442142.95,F1
000001,2026-06-25 10:55:00,3203.3,3205.13,3200.44,3200.59,13518.0,43265041.21,F1
000001,2026-06-25 10:56:00,3194.38,3195.67,3193.71,3194.1,8656.0,27646951.91,F1
000001,2026-06-25 10:57:00,3190.19,3191.13,3190.11,3190.92,7782.0,24831528.71,F1
000001,2026-06-25 10:58:00,3185.07,3186.08,3184.3,3184.99,4263.0,13577316.41,F1
000001,2026-06-25 10:59:00,3185.46,3187.47,3182.8,3183.9,16207.0,51600213.34,F1
000001,2026-06-25 11:00:00,3183.51,3186.48,3183.16,3183.99,7847.0,24985294.86,F1
000001,2026-06-25 11:01:00,3187.75,3189.86,3186.29,3189.36,11299.0,36036400.23,F1
000001,2026-06-25 11:02:00,3188.96,3191.97,3188.65,3190.44,7283.0,23235342.47,F1
000001,2026-06-25 11:03:00,3190.56,3191.07,3189.28,3189.77,21324.0,68017893.54,F1
000001,2026-06-25 11:04:00,3193.75,3193.8,3192.27,3192.45,6780.0,21643314.97,F1
000001,2026-06-25 11:05:00,3187.31,3187.91,3185.39,3185.43,8313.0,26481093.14,F1
000001,2026-06-25 11:06:00,3185.41,3187.52,3185.1,3186.21,7860.0,25042532.76,F1
000001,2026-06-25 11:07:00,3189.5,3190.01,3187.53,3188.7,5227.0,16667682.26,F1
000001,2026-06-25 11:08:00,3186.75,3188.42,3183.61,3184.02,10278.0,32723886.85,F1
000001,2026-06-25 11:09:00,3186.43,3188.1,3185.21,3187.7,2675.0,8526119.11,F1
000001,2026-06-25 11:10:00,3189.61,3192.0,3187.89,3188.81,18299.0,58350935.29,F1
000001,2026-06-25 11:11:00,3186.59,3188.64,3186.4,3187.52,22787.0,72634505.13,F1
000001,2026-06-25 11:12:00,3186.65,3190.57,3185.21,3189.57,20514.0,65430000.12,F1
000001,2026-06-25 11:13:00,3196.68,3198.04,3194.67,3196.85,17984.0,57491182.47,F1
000001,2026-06-25 11:14:00,3198.55,3199.33,3197.42,3197.46,7479.0,23912999.37,F1
000001,2026-06-25 11:15:00,3198.82,3200.21,3197.44,3198.29,4728.0,15122329.71,F1
000001,2026-06-25 11:16:00,3199.05,3199.35,3196.19,3196.85,16870.0,53929710.83,F1
000001,2026-06-25 11:17:00,3192.39,3194.2,3191.88,3194.17,3700.0,11818209.98,F1
000001,2026-06-25 11:18:00,3197.41,3199.82,3195.09,3196.85,7973.0,25489619.83,F1
000001,2026-06-25 11:19:00,3195.17,3195.29,3194.04,3194.15,4232.0,13517124.24,F1
000001,2026-06-25 11:20:00,3194.78,3195.51,3192.31,3194.41,14725.0,47037408.09,F1
000001,2026-06-25 11:21:00,3194.45,3194.5,3192.7,3192.92,13865.0,44271380.97,F1
000001,2026-06-25 11:22:00,3194.84,3195.7,3194.19,3194.48,15615.0,49882003.35,F1
000001,2026-06-25 11:23:00,3196.09,3196.27,3194.36,3195.58,9353.0,29888984.56,F1
000001,2026-06-25 11:24:00,3197.59,3199.54,3196.81,3198.93,4755.0,15209833.36,F1
000001,2026-06-25 11:25:00,3200.72,3202.0,3195.48,3197.33,4396.0,14056881.89,F1
000001,2026-06-25 11:26:00,3196.61,3197.85,3195.83,3196.5,5120.0,16366494.6,F1
000001,2026-06-25 11:27:00,3195.38,3195.76,3192.38,3193.4,10961.0,35001517.09,F1
000001,2026-06-25 11:28:00,3195.69,3197.11,3190.81,3192.01,14375.0,45884028.93,F1
000001,2026-06-25 11:29:00,3191.7,3194.21,3191.37,3193.25,7232.0,23093376.35,F1
000001,2026-06-25 13:00:00,3194.38,3196.39,3192.42,3195.7,8106.0,25903869.69,F1
000001,2026-06-25 13:01:00,3194.04,3194.79,3192.04,3192.79,13919.0,44439610.33,F1
000001,2026-06-25 13:02:00,3193.44,3195.99,3193.41,3195.6,8567.0,27377039.8,F1
000001,2026-06-25 13:03:00,3199.68,3200.34,3199.01,3199.96,11700.0,37438620.6,F1
000001,2026-06-25 13:04:00,3199.74,3201.59,3198.59,3201.32,12674.0,40574145.93,F1
000001,2026-06-25 13:05:00,3205.16,3207.7,3203.26,3207.36,8295.0,26606664.17,F1
000001,2026-06-25 13:06:00,3207.96,3208.87,3204.11,3204.92,11873.0,38051685.02,F1
000001,2026-06-25 13:07:00,3198.49,3201.57,3197.92,3200.96,5901.0,18888492.96,F1
000001,2026-06-25 13:08:00,3194.93,3196.02,3194.52,3195.3,9260.0,29587036.23,F1
000001,2026-06-25 13:09:00,3199.58,3200.48,3199.46,3200.12,10187.0,32600771.42,F1
000001,2026-06-25 13:10:00,3201.45,3202.42,3200.5,3202.25,7962.0,25497839.09,F1
000001,2026-06-25 13:11:00,3200.8,3203.17,3200.55,3202.1,9013.0,28858997.47,F1
000001,2026-06-25 13:12:00,3204.28,3204.7,3202.64,3203.03,10672.0,34183418.32,F1
000001,2026-06-25 13:13:00,3200.17,3200.96,3199.32,3199.46,9721.0,31102759.8,F1
000001,2026-06-25 13:14:00,3207.34,3209.34,3207.17,3207.33,24496.0,78566679.02,F1
000001,2026-06-25 13:15:00,3207.19,3208.47,3206.84,3207.77,9473.0,30386866.29,F1
000001,2026-06-25 13:16:00,3210.07,3211.28,3207.45,3208.16,10886.0,34923215.39,F1
000001,2026-06-25 13:17:00,3210.29,3210.84,3209.3,3210.52,12533.0,40238901.69,F1
000001,2026-06-25 13:18:00,3210.26,3212.88,3210.2,3212.09,8404.0,26993729.54,F1
000001,2026-06-25 13:19:00,3212.96,3213.11,3211.7,3212.84,7771.0,24966687.96,F1
000001,2026-06-25 13:20:00,3208.54,3210.72,3208.37,3210.34,14982.0,48097411.1,F1
000001,2026-06-25 13:21:00,3212.85,3213.67,3209.49,3211.88,9250.0,29710189.98,F1
000001,2026-06-25 13:22:00,3220.02,3220.17,3217.45,3217.97,12329.0,39675295.14,F1
000001,2026-06-25 13:23:00,3224.29,3225.32,3221.49,3222.33,6922.0,22304902.73,F1
000001,2026-06-25 13:24:00,3226.58,3227.82,3225.68,3227.5,7249.0,23396646.72,F1
000001,2026-06-25 13:25:00,3227.6,3229.01,3225.0,3225.88,5332.0,17201412.32,F1
000001,2026-06-25 13:26:00,3222.5,3223.02,3221.99,3222.73,15932.0,51345308.99,F1
000001,2026-06-25 13:27:00,3223.04,3223.07,3220.96,3222.35,4197.0,13523765.49,F1
000001,2026-06-25 13:28:00,3223.02,3225.08,3221.59,3222.56,7487.0,24127330.78,F1
000001,2026-06-25 13:29:00,3231.36,3233.59,3225.95,3226.12,7684.0,24787955.44,F1
000001,2026-06-25 13:30:00,3222.3,3223.95,3219.12,3220.7,3317.0,10683026.48,F1
000001,2026-06-25 13:31:00,3224.66,3226.23,3224.18,3225.66,13834.0,44623881.79,F1
000001,2026-06-25 13:32:00,3223.25,3227.43,3222.42,3225.19,5356.0,17272874.28,F1
000001,2026-06-25 13:33:00,3220.59,3223.98,3219.82,3223.84,7623.0,24576482.74,F1
000001,2026-06-25 13:34:00,3219.88,3220.77,3219.52,3220.61,4130.0,13300383.97,F1
000001,2026-06-25 13:35:00,3214.17,3215.82,3213.86,3215.32,8813.0,28337939.0,F1
000001,2026-06-25 13:36:00,3216.4,3218.18,3214.3,3218.0,8859.0,28509663.7,F1
000001,2026-06-25 13:37:00,3220.57,3221.99,3217.7,3218.27,9552.0,30742359.21,F1
000001,2026-06-25 13:38:00,3216.16,3216.6,3213.48,3214.15,3028.0,9731290.91,F1
000001,2026-06-25 13:39:00,3210.19,3212.16,3209.76,3210.02,8013.0,25722949.34,F1
000001,2026-06-25 13:40:00,3209.49,3209.51,3208.2,3208.98,12230.0,39245517.21,F1
000001,2026-06-25 13:41:00,3214.73,3214.75,3213.43,3214.37,15549.0,49980366.39,F1
000001,2026-06-25 13:42:00,3214.64,3215.17,3212.6,3213.57,6318.0,20304474.48,F1
000001,2026-06-25 13:43:00,3207.52,3209.51,3205.81,3208.77,10258.0,32914218.77,F1
000001,2026-06-25 13:44:00,3205.08,3209.2,3203.08,3208.02,7762.0,24899879.56,F1
000001,2026-06-25 13:45:00,3206.93,3207.49,3205.93,3207.17,4509.0,14461908.78,F1
000001,2026-06-25 13:46:00,3199.31,3199.84,3198.27,3198.57,5205.0,16648562.22,F1
000001,2026-06-25 13:47:00,3198.72,3199.97,3197.86,3198.43,6593.0,21087849.02,F1
000001,2026-06-25 13:48:00,3198.13,3198.36,3197.71,3197.72,6886.0,22018377.53,F1
000001,2026-06-25 13:49:00,3199.72,3200.18,3198.76,3199.98,4876.0,15602790.34,F1
000001,2026-06-25 13:50:00,3203.71,3207.47,3202.54,3205.93,8776.0,28134016.31,F1
000001,2026-06-25 13:51:00,3208.15,3210.07,3208.11,3209.58,3028.0,9719484.61,F1
000001,2026-06-25 13:52:00,3209.8,3210.58,3207.79,3208.75,9998.0,32079640.72,F1
000001,2026-06-25 13:53:00,3203.86,3205.33,3202.64,3205.23,3306.0,10595994.58,F1
000001,2026-06-25 13:54:00,3212.91,3213.64,3212.52,3213.52,4483.0,14405316.89,F1
000001,2026-06-25 13:55:00,3213.1,3214.01,3213.06,3213.75,8877.0,28529321.4,F1
000001,2026-06-25 13:56:00,3212.75,3214.95,3211.61,3213.82,10340.0,33231091.95,F1
000001,2026-06-25 13:57:00,3215.68,3216.14,3213.58,3213.78,6222.0,19996217.79,F1
000001,2026-06-25 13:58:00,3216.11,3217.48,3213.51,3214.45,6642.0,21351475.99,F1
000001,2026-06-25 13:59:00,3216.0,3216.37,3213.08,3214.01,6939.0,22300554.42,F1
000001,2026-06-25 14:00:00,3211.22,3212.89,3210.27,3212.2,11094.0,35635066.47,F1
000001,2026-06-25 14:01:00,3213.06,3213.86,3209.43,3210.48,17475.0,56103327.01,F1
000001,2026-06-25 14:02:00,3210.17,3211.79,3209.66,3210.41,28193.0,90510832.75,F1
000001,2026-06-25 14:03:00,3210.77,3211.84,3208.34,3208.69,20422.0,65526791.12,F1
000001,2026-06-25 14:04:00,3204.2,3207.01,3203.51,3206.44,19976.0,64052987.62,F1
000001,2026-06-25 14:05:00,3206.09,3207.57,3206.08,3206.81,19775.0,63416082.03,F1
000001,2026-06-25 14:06:00,3205.43,3206.73,3205.12,3206.03,50353.0,161432312.2,F1
000001,2026-06-25 14:07:00,3211.11,3212.07,3209.55,3210.88,23834.0,76529172.93,F1
000001,2026-06-25 14:08:00,3200.66,3203.84,3199.95,3202.42,39973.0,128008925.43,F1
000001,2026-06-25 14:09:00,3207.47,3207.7,3204.47,3205.95,19967.0,64014620.68,F1
000001,2026-06-25 14:10:00,3210.46,3210.63,3208.2,3209.98,14113.0,45301900.82,F1
000001,2026-06-25 14:11:00,3203.26,3203.87,3201.15,3203.36,20311.0,65064724.65,F1
000001,2026-06-25 14:12:00,3202.52,3203.34,3201.63,3202.29,29475.0,94386447.46,F1
000001,2026-06-25 14:13:00,3199.86,3202.97,3199.48,3201.14,36345.0,116345744.05,F1
000001,2026-06-25 14:14:00,3198.89,3199.57,3196.25,3196.67,26631.0,85129421.98,F1
000001,2026-06-25 14:15:00,3193.32,3194.34,3191.72,3194.21,13749.0,43917201.03,F1
000001,2026-06-25 14:16:00,3193.27,3193.58,3189.43,3190.7,10901.0,34781199.22,F1
000001,2026-06-25 14:17:00,3197.26,3197.97,3194.97,3196.33,24570.0,78532596.84,F1
000001,2026-06-25 14:18:00,3200.97,3201.78,3197.91,3199.35,21038.0,67307391.52,F1
000001,2026-06-25 14:19:00,3203.31,3203.98,3202.4,3203.45,21382.0,68495387.46,F1
000001,2026-06-25 14:20:00,3208.77,3208.99,3205.46,3205.8,9840.0,31545217.41,F1
000001,2026-06-25 14:21:00,3201.79,3202.54,3200.87,3202.21,27757.0,88883669.42,F1
000001,2026-06-25 14:22:00,3198.68,3200.73,3198.03,3200.57,47288.0,151348901.44,F1
000001,2026-06-25 14:23:00,3203.58,3204.32,3202.11,3202.16,26746.0,85646424.17,F1
000001,2026-06-25 14:24:00,3200.28,3201.56,3197.95,3198.28,14969.0,47874115.38,F1
000001,2026-06-25 14:25:00,3201.2,3202.39,3200.02,3200.6,6666.0,21336733.37,F1
000001,2026-06-25 14:26:00,3199.2,3200.74,3198.69,3199.86,27285.0,87308265.79,F1
000001,2026-06-25 14:27:00,3198.25,3199.92,3197.75,3198.69,14514.0,46425379.95,F1
000001,2026-06-25 14:28:00,3204.5,3205.04,3200.44,3201.0,16225.0,51936173.53,F1
000001,2026-06-25 14:29:00,3202.31,3202.69,3201.23,3202.45,24178.0,77429705.92,F1
000001,2026-06-25 14:30:00,3200.16,3203.15,3200.11,3201.33,32352.0,103568299.27,F1
000001,2026-06-25 14:31:00,3204.1,3205.43,3203.8,3205.08,8563.0,27444235.26,F1
000001,2026-06-25 14:32:00,3204.87,3206.11,3201.26,3201.65,12694.0,40640895.97,F1
000001,2026-06-25 14:33:00,3204.21,3204.29,3203.31,3203.65,24241.0,77658759.72,F1
000001,2026-06-25 14:34:00,3206.39,3207.79,3205.04,3205.58,13032.0,41775540.27,F1
000001,2026-06-25 14:35:00,3206.81,3208.38,3201.59,3204.62,12560.0,40249283.15,F1
000001,2026-06-25 14:36:00,3206.09,3208.09,3205.17,3205.7,16746.0,53681862.81,F1
000001,2026-06-25 14:37:00,3204.8,3205.55,3200.1,3201.72,17402.0,55717950.13,F1
000001,2026-06-25 14:38:00,3201.55,3205.44,3199.57,3204.72,22342.0,71600141.29,F1
000001,2026-06-25 14:39:00,3200.83,3204.46,3199.25,3204.16,26379.0,84522460.21,F1
000001,2026-06-25 14:40:00,3201.13,3202.54,3201.11,3202.51,27898.0,89344153.39,F1
000001,2026-06-25 14:41:00,3203.72,3206.48,3201.12,3205.91,16076.0,51536864.37,F1
000001,2026-06-25 14:42:00,3202.9,3204.29,3202.88,3203.68,10908.0,34944593.71,F1
000001,2026-06-25 14:43:00,3197.63,3199.39,3197.55,3199.2,16489.0,52751108.22,F1
000001,2026-06-25 14:44:00,3193.49,3194.93,3193.0,3194.26,21077.0,67326544.85,F1
000001,2026-06-25 14:45:00,3199.7,3201.06,3194.45,3196.23,32591.0,104168632.16,F1
000001,2026-06-25 14:46:00,3191.09,3192.48,3190.34,3192.17,19343.0,61747020.1,F1
000001,2026-06-25 14:47:00,3200.36,3201.13,3196.98,3197.81,10850.0,34695050.97,F1
000001,2026-06-25 14:48:00,3189.35,3193.91,3188.58,3191.19,35538.0,113407808.31,F1
000001,2026-06-25 14:49:00,3197.47,3197.68,3196.62,3196.64,15608.0,49894078.94,F1
000001,2026-06-25 14:50:00,3197.67,3198.41,3195.8,3197.35,25587.0,81809221.52,F1
000001,2026-06-25 14:51:00,3198.56,3198.96,3196.4,3197.07,89979.0,287667884.24,F1
000001,2026-06-25 14:52:00,3195.19,3195.74,3194.49,3195.36,24116.0,77058900.81,F1
000001,2026-06-25 14:53:00,3197.4,3197.59,3195.69,3196.67,24421.0,78064430.32,F1
000001,2026-06-25 14:54:00,3198.92,3199.35,3195.66,3196.58,19565.0,62540854.18,F1
000001,2026-06-25 14:55:00,3201.34,3201.61,3199.23,3200.14,25829.0,82657023.49,F1
000001,2026-06-25 14:56:00,3198.95,3201.15,3198.77,3200.54,25556.0,81792508.91,F1
000001,2026-06-25 14:57:00,3199.15,3202.06,3198.6,3201.05,15485.0,49568701.11,F1
000001,2026-06-25 14:58:00,3197.46,3200.06,3197.03,3199.92,23308.0,74585076.68,F1
000001,2026-06-25 14:59:00,3199.19,3201.7,3198.82,3199.77,18905.0,60492156.56,F1
000001,2026-06-26 09:30:00,3201.8,3202.47,3199.17,3200.79,8469.0,27107780.64,F1
000001,2026-06-26 09:31:00,3197.44,3197.66,3194.52,3195.35,22923.0,73247318.81,F1
000001,2026-06-26 09:32:00,3192.89,3193.26,3190.02,3191.08,44813.0,143001462.88,F1
000001,2026-06-26 09:33:00,3193.3,3193.69,3192.12,3193.48,13148.0,41987768.91,F1
000001,2026-06-26 09:34:00,3195.01,3195.57,3193.93,3194.06,22837.0,72942855.17,F1
000001,2026-06-26 09:35:00,3191.11,3194.25,3189.81,3193.5,34307.0,109558478.51,F1
000001,2026-06-26 09:36:00,3193.49,3193.83,3193.21,3193.59,43403.0,138612599.7,F1
000001,2026-06-26 09:37:00,3194.42,3194.96,3193.32,3194.74,14933.0,47706284.32,F1
000001,2026-06-26 09:38:00,3195.53,3197.0,3191.48,3193.04,18282.0,58374627.03,F1
000001,2026-06-26 09:39:00,3190.2,3192.4,3189.77,3190.59,13096.0,41785423.07,F1
000001,2026-06-26 09:40:00,3190.28,3191.38,3189.36,3191.25,24436.0,77980464.09,F1
000001,2026-06-26 09:41:00,3188.65,3189.7,3187.32,3188.16,54142.0,172612775.8,F1
000001,2026-06-26 09:42:00,3188.32,3191.08,3188.09,3189.49,22052.0,70333661.26,F1
000001,2026-06-26 09:43:00,3185.8,3187.02,3183.99,3184.1,18140.0,57759765.16,F1
000001,2026-06-26 09:44:00,3187.32,3187.73,3186.47,3187.41,22073.0,70355998.1,F1
000001,2026-06-26 09:45:00,3189.93,3191.5,3188.58,3188.95,25741.0,82085561.54,F1
000001,2026-06-26 09:46:00,3187.37,3192.31,3187.0,3189.8,21007.0,67006499.54,F1
000001,2026-06-26 09:47:00,3192.14,3193.2,3192.08,3192.96,38711.0,123604203.67,F1
000001,2026-06-26 09:48:00,3198.46,3199.17,3197.37,3198.32,19760.0,63200004.12,F1
000001,2026-06-26 09:49:00,3202.44,3202.9,3200.97,3201.6,22973.0,73550951.89,F1
000001,2026-06-26 09:50:00,3195.76,3196.22,3195.48,3195.74,8794.0,28103201.66,F1
000001,2026-06-26 09:51:00,3190.99,3192.45,3190.71,3191.69,19473.0,62153188.59,F1
000001,2026-06-26 09:52:00,3191.3,3191.98,3188.25,3189.72,20327.0,64836158.18,F1
000001,2026-06-26 09:53:00,3189.07,3190.76,3188.9,3189.84,28163.0,89834394.91,F1
000001,2026-06-26 09:54:00,3191.51,3191.82,3189.77,3191.52,18556.0,59222605.78,F1
000001,2026-06-26 09:55:00,3189.68,3190.17,3188.43,3189.24,16441.0,52434941.08,F1
000001,2026-06-26 09:56:00,3189.1,3190.21,3186.86,3189.87,15398.0,49116845.38,F1
000001,2026-06-26 09:57:00,3186.83,3187.55,3186.45,3187.49,25129.0,80098233.5,F1
000001,2026-06-26 09:58:00,3187.62,3189.94,3183.29,3185.57,17190.0,54758783.79,F1
000001,2026-06-26 09:59:00,3182.87,3184.37,3178.26,3181.13,29307.0,93230033.57,F1
000001,2026-06-26 10:00:00,3178.61,3179.65,3177.28,3178.22,4990.0,15858333.3,F1
000001,2026-06-26 10:01:00,3174.14,3174.73,3173.49,3173.96,1944.0,6171315.14,F1
000001,2026-06-26 10:02:00,3169.54,3171.97,3169.3,3170.9,6192.0,19633465.72,F1
000001,2026-06-26 10:03:00,3175.54,3177.31,3174.23,3174.27,10713.0,34004445.89,F1
000001,2026-06-26 10:04:00,3174.24,3174.69,3170.98,3171.29,3288.0,10427559.68,F1
000001,2026-06-26 10:05:00,3175.88,3180.49,3175.87,3179.68,14607.0,46445630.6,F1
000001,2026-06-26 10:06:00,3179.1,3181.78,3177.32,3181.28,9995.0,31797325.14,F1
000001,2026-06-26 10:07:00,3182.34,3182.35,3180.4,3181.9,15959.0,50780411.06,F1
000001,2026-06-26 10:08:00,3178.23,3179.69,3176.74,3179.2,4493.0,14284085.47,F1
000001,2026-06-26 10:09:00,3183.75,3184.08,3180.08,3181.46,7792.0,24790755.6,F1
000001,2026-06-26 10:10:00,3176.74,3180.52,3176.17,3179.66,11491.0,36538442.45,F1
000001,2026-06-26 10:11:00,3180.12,3181.6,3179.93,3180.08,24297.0,77266779.18,F1
000001,2026-06-26 10:12:00,3189.05,3189.11,3187.24,3188.27,9003.0,28704584.38,F1
000001,2026-06-26 10:13:00,3188.33,3189.37,3187.77,3187.99,13599.0,43352235.05,F1
000001,2026-06-26 10:14:00,3190.36,3193.06,3190.27,3191.69,5198.0,16591841.02,F1
000001,2026-06-26 10:15:00,3191.07,3191.35,3188.75,3189.48,7003.0,22336527.27,F1
000001,2026-06-26 10:16:00,3189.31,3189.87,3189.03,3189.4,2988.0,9528733.09,F1
000001,2026-06-26 10:17:00,3193.29,3195.98,3193.17,3195.09,6236.0,19925350.38,F1
000001,2026-06-26 10:18:00,3190.95,3194.15,3189.01,3193.11,7703.0,24596425.67,F1
000001,2026-06-26 10:19:00,3197.98,3199.87,3197.92,3198.94,9720.0,31095069.14,F1
000001,2026-06-26 10:20:00,3204.59,3206.04,3200.12,3201.24,13181.0,42196297.28,F1
000001,2026-06-26 10:21:00,3198.22,3199.66,3197.78,3199.47,8891.0,28447876.49,F1
000001,2026-06-26 10:22:00,3203.94,3204.52,3201.04,3201.52,6534.0,20920237.15,F1
000001,2026-06-26 10:23:00,3202.29,3204.87,3201.13,3204.67,3776.0,12100784.21,F1
000001,2026-06-26 10:24:00,3205.0,3206.82,3204.06,3206.7,5452.0,17482917.76,F1
000001,2026-06-26 10:25:00,3201.02,3203.01,3200.08,3201.7,11519.0,36878905.96,F1
000001,2026-06-26 10:26:00,3197.31,3200.94,3196.71,3199.4,11684.0,37381890.99,F1
000001,2026-06-26 10:27:00,3198.33,3199.09,3198.28,3198.64,3385.0,10827805.43,F1
000001,2026-06-26 10:28:00,3199.23,3199.6,3198.04,3198.44,13399.0,42856997.83,F1
000001,2026-06-26 10:29:00,3198.65,3201.54,3198.5,3200.45,6848.0,21916966.5,F1
000001,2026-06-26 10:30:00,3201.02,3201.16,3199.85,3201.05,4730.0,15140685.06,F1
000001,2026-06-26 10:31:00,3195.6,3197.81,3195.03,3196.81,12712.0,40636482.76,F1
000001,2026-06-26 10:32:00,3200.78,3201.17,3197.41,3198.06,4551.0,14555133.83,F1
000001,2026-06-26 10:33:00,3201.26,3201.45,3199.59,3200.05,5868.0,18776845.01,F1
000001,2026-06-26 10:34:00,3199.21,3202.36,3197.23,3201.87,6914.0,22138209.28,F1
000001,2026-06-26 10:35:00,3206.87,3207.06,3203.49,3205.37,13529.0,43363828.36,F1
000001,2026-06-26 10:36:00,3207.02,3208.1,3206.98,3208.07,3674.0,11784989.08,F1
000001,2026-06-26 10:37:00,3208.07,3210.12,3206.11,3209.58,8298.0,26632463.55,F1
000001,2026-06-26 10:38:00,3208.99,3211.0,3208.6,3209.38,11590.0,37198200.19,F1
000001,2026-06-26 10:39:00,3204.45,3204.77,3203.52,3204.09,11386.0,36480695.31,F1
000001,2026-06-26 10:40:00,3205.99,3206.79,3205.23,3205.5,14731.0,47221674.31,F1
000001,2026-06-26 10:41:00,3205.24,3208.22,3204.74,3206.2,8235.0,26404484.35,F1
000001,2026-06-26 10:42:00,3206.02,3207.32,3204.35,3207.1,6167.0,19778411.81,F1
000001,2026-06-26 10:43:00,3201.29,3203.17,3200.34,3203.04,11193.0,35850168.77,F1
000001,2026-06-26 10:44:00,3195.82,3201.57,3195.53,3199.61,5496.0,17584618.21,F1
000001,2026-06-26 10:45:00,3203.27,3203.44,3202.37,3203.02,8946.0,28654073.4,F1
000001,2026-06-26 10:46:00,3201.95,3203.31,3201.29,3202.92,3959.0,12679316.93,F1
000001,2026-06-26 10:47:00,3205.37,3205.93,3204.64,3205.14,12209.0,39132833.63,F1
000001,2026-06-26 10:48:00,3205.78,3206.29,3204.45,3205.26,4110.0,13174442.41,F1
000001,2026-06-26 10:49:00,3203.94,3206.31,3202.9,3205.39,12983.0,41615452.58,F1
000001,2026-06-26 10:50:00,3209.21,3210.24,3207.58,3208.43,9646.0,30948456.94,F1
000001,2026-06-26 10:51:00,3206.6,3207.62,3206.49,3206.8,6684.0,21435492.85,F1
000001,2026-06-26 10:52:00,3208.01,3208.85,3206.5,3207.14,7859.0,25206145.19,F1
000001,2026-06-26 10:53:00,3204.0,3208.1,3203.8,3205.69,10987.0,35220421.13,F1
000001,2026-06-26 10:54:00,3204.75,3206.63,3204.0,3204.33,2673.0,8564065.39,F1
000001,2026-06-26 10:55:00,3205.57,3206.61,3202.17,3203.38,13003.0,41653464.05,F1
000001,2026-06-26 10:56:00,3202.68,3205.21,3202.34,3204.12,5313.0,17022224.76,F1
000001,2026-06-26 10:57:00,3202.78,3203.25,3200.91,3202.62,2657.0,8507763.41,F1
000001,2026-06-26 10:58:00,3207.04,3207.58,3206.14,3206.67,11475.0,36796795.94,F1
000001,2026-06-26 10:59:00,3205.72,3205.98,3203.51,3203.84,10405.0,33336929.09,F1
000001,2026-06-26 11:00:00,3201.1,3203.49,3200.57,3203.27,11386.0,36471549.11,F1
000001,2026-06-26 11:01:00,3198.79,3202.63,3197.95,3201.9,8518.0,27273925.13,F1
000001,2026-06-26 11:02:00,3207.33,3208.77,3206.09,3206.56,6318.0,20260200.07,F1
000001,2026-06-26 11:03:00,3209.07,3209.36,3206.01,3207.23,9362.0,30024543.96,F1
000001,2026-06-26 11:04:00,3208.71,3211.85,3207.22,3210.57,11283.0,36223893.39,F1
000001,2026-06-26 11:05:00,3207.74,3209.52,3205.02,3205.84,14493.0,46462091.83,F1
000001,2026-06-26 11:06:00,3205.79,3207.84,3204.98,3206.72,9985.0,32019173.27,F1
000001,2026-06-26 11:07:00,3209.78,3210.16,3209.3,3209.61,15397.0,49417399.2,F1
000001,2026-06-26 11:08:00,3211.98,3212.51,3209.09,3209.91,10478.0,33633335.5,F1
000001,2026-06-26 11:09:00,3212.62,3214.09,3211.28,3213.36,13725.0,44102112.48,F1
000001,2026-06-26 11:10:00,3209.81,3212.01,3209.0,3211.73,10686.0,34320715.09,F1
000001,2026-06-26 11:11:00,3216.24,3217.83,3215.83,3216.29,6070.0,19521444.47,F1
000001,2026-06-26 11:12:00,3225.15,3225.15,3223.34,3223.73,5020.0,16183600.05,F1
000001,2026-06-26 11:13:00,3221.64,3223.03,3220.81,3222.59,18745.0,60407820.18,F1
000001,2026-06-26 11:14:00,3219.89,3222.23,3217.79,3221.19,4460.0,14366510.28,F1
000001,2026-06-26 11:15:00,3224.36,3227.21,3222.83,3225.9,9962.0,32135372.29,F1
000001,2026-06-26 11:16:00,3230.69,3231.4,3230.02,3231.04,9254.0,29899925.13,F1
000001,2026-06-26 11:17:00,3230.44,3230.51,3228.23,3229.38,13752.0,44408980.4,F1
000001,2026-06-26 11:18:00,3227.1,3228.96,3226.93,3228.05,5134.0,16572073.73,F1
000001,2026-06-26 11:19:00,3226.5,3227.51,3226.17,3227.18,5172.0,16692134.41,F1
000001,2026-06-26 11:20:00,3222.09,3223.91,3221.61,3222.87,22869.0,73703531.67,F1
000001,2026-06-26 11:21:00,3221.85,3222.95,3218.61,3219.95,11872.0,38226910.15,F1
000001,2026-06-26 11:22:00,3216.66,3217.28,3216.5,3216.75,12999.0,41813580.22,F1
000001,2026-06-26 11:23:00,3215.12,3215.96,3213.59,3214.31,5891.0,18935980.39,F1
000001,2026-06-26 11:24:00,3214.58,3214.87,3214.02,3214.23,11886.0,38204542.05,F1
000001,2026-06-26 11:25:00,3213.34,3216.89,3211.59,3215.02,6010.0,19321979.77,F1
000001,2026-06-26 11:26:00,3220.63,3221.2,3219.94,3220.04,7874.0,25354146.49,F1
000001,2026-06-26 11:27:00,3217.52,3217.74,3215.51,3216.86,12329.0,39659235.28,F1
000001,2026-06-26 11:28:00,3221.46,3222.4,3219.98,3220.06,6973.0,22452694.56,F1
000001,2026-06-26 11:29:00,3217.78,3219.75,3217.26,3219.4,11245.0,36202983.49,F1
000001,2026-06-26 13:00:00,3217.55,3220.93,3216.68,3219.27,9042.0,29109114.04,F1
000001,2026-06-26 13:01:00,3222.75,3223.31,3220.65,3221.48,4383.0,14118601.37,F1
000001,2026-06-26 13:02:00,3220.23,3220.25,3217.32,3217.9,6977.0,22452037.45,F1
000001,2026-06-26 13:03:00,3220.46,3221.03,3218.43,3219.16,7253.0,23349985.48,F1
000001,2026-06-26 13:04:00,3217.83,3221.48,3217.28,3219.73,12281.0,39541450.69,F1
000001,2026-06-26 13:05:00,3221.68,3222.63,3221.34,3221.34,11992.0,38630609.49,F1
000001,2026-06-26 13:06:00,3222.01,3223.46,3221.02,3222.31,12829.0,41338743.54,F1
000001,2026-06-26 13:07:00,3229.52,3231.31,3228.93,3230.26,8938.0,28873623.7,F1
000001,2026-06-26 13:08:00,3229.12,3231.22,3228.23,3228.24,8770.0,28310277.63,F1
000001,2026-06-26 13:09:00,3226.11,3227.8,3225.7,3226.55,15601.0,50337747.87,F1
000001,2026-06-26 13:10:00,3224.23,3225.48,3222.65,3224.58,15613.0,50344676.34,F1
000001,2026-06-26 13:11:00,3221.06,3223.06,3220.72,3222.82,10349.0,33352340.38,F1
000001,2026-06-26 13:12:00,3221.9,3222.71,3220.73,3220.8,2951.0,9505871.17,F1
000001,2026-06-26 13:13:00,3226.99,3227.48,3224.61,3224.66,6941.0,22381784.84,F1
000001,2026-06-26 13:14:00,3231.13,3233.88,3229.26,3229.28,7685.0,24818601.53,F1
000001,2026-06-26 13:15:00,3226.73,3229.14,3225.88,3227.47,11919.0,38468516.54,F1
000001,2026-06-26 13:16:00,3225.39,3226.61,3224.17,3224.81,5617.0,18113096.88,F1
000001,2026-06-26 13:17:00,3228.13,3228.55,3224.87,3226.37,6188.0,19964358.7,F1
000001,2026-06-26 13:18:00,3225.24,3226.05,3223.96,3224.62,1887.0,6085633.98,F1
000001,2026-06-26 13:19:00,3227.54,3228.72,3224.74,3226.69,1966.0,6344186.44,F1
000001,2026-06-26 13:20:00,3228.69,3228.82,3227.16,3227.38,16228.0,52374872.26,F1
000001,2026-06-26 13:21:00,3223.55,3225.11,3221.18,3222.52,7964.0,25665141.3,F1
000001,2026-06-26 13:22:00,3224.94,3227.77,3224.7,3227.55,11085.0,35775859.04,F1
000001,2026-06-26 13:23:00,3233.45,3234.06,3232.7,3233.38,23801.0,76956223.58,F1
000001,2026-06-26 13:24:00,3230.92,3232.34,3230.68,3231.43,5425.0,17532031.76,F1
000001,2026-06-26 13:25:00,3232.6,3232.88,3229.66,3230.21,6402.0,20679317.49,F1
000001,2026-06-26 13:26:00,3232.33,3232.48,3230.54,3231.17,18633.0,60205501.22,F1
000001,2026-06-26 13:27:00,3230.9,3232.31,3230.26,3232.28,3584.0,11585619.99,F1
000001,2026-06-26 13:28:00,3235.22,3236.24,3233.64,3234.44,5007.0,16196177.65,F1
000001,2026-06-26 13:29:00,3242.1,3243.18,3240.14,3240.98,9188.0,29778280.97,F1
000001,2026-06-26 13:30:00,3240.07,3241.0,3238.64,3240.44,5712.0,18508061.98,F1
000001,2026-06-26 13:31:00,3236.21,3238.53,3235.44,3237.89,5039.0,16315800.34,F1
000001,2026-06-26 13:32:00,3231.12,3233.92,3231.04,3233.46,9150.0,29587213.08,F1
000001,2026-06-26 13:33:00,3232.66,3233.17,3230.94,3231.13,7339.0,23711914.55,F1
000001,2026-06-26 13:34:00,3231.88,3233.11,3230.93,3231.05,6409.0,20707313.14,F1
000001,2026-06-26 13:35:00,3235.28,3238.29,3234.63,3236.89,10818.0,35017438.36,F1
000001,2026-06-26 13:36:00,3236.18,3236.3,3233.88,3235.24,6361.0,20579389.31,F1
000001,2026-06-26 13:37:00,3237.55,3237.58,3235.41,3236.0,10897.0,35263493.3,F1
000001,2026-06-26 13:38:00,3236.64,3236.99,3235.9,3235.98,7951.0,25729292.46,F1
000001,2026-06-26 13:39:00,3243.73,3244.88,3239.16,3239.86,8569.0,27762179.38,F1
000001,2026-06-26 13:40:00,3249.73,3250.23,3248.06,3248.09,6962.0,22613110.11,F1
000001,2026-06-26 13:41:00,3246.27,3249.49,3246.06,3246.4,6347.0,20605398.1,F1
000001,2026-06-26 13:42:00,3247.43,3247.45,3243.69,3244.84,7903.0,25645589.53,F1
000001,2026-06-26 13:43:00,3246.57,3248.73,3246.28,3248.27,13081.0,42490718.43,F1
000001,2026-06-26 13:44:00,3249.23,3250.55,3247.9,3250.51,11507.0,37405027.82,F1
000001,2026-06-26 13:45:00,3257.4,3257.88,3256.55,3256.55,9971.0,32469490.38,F1
000001,2026-06-26 13:46:00,3261.1,3261.38,3258.35,3258.49,4708.0,15339715.11,F1
000001,2026-06-26 13:47:00,3255.94,3257.45,3254.86,3257.35,7129.0,23220108.97,F1
000001,2026-06-26 13:48:00,3258.92,3259.71,3258.4,3259.31,9391.0,30607511.85,F1
000001,2026-06-26 13:49:00,3260.51,3264.21,3259.86,3262.96,11625.0,37933331.42,F1
000001,2026-06-26 13:50:00,3263.59,3266.32,3262.94,3265.67,9819.0,32066438.64,F1
000001,2026-06-26 13:51:00,3265.73,3267.6,3264.57,3267.36,7141.0,23332437.7,F1
000001,2026-06-26 13:52:00,3272.56,3273.34,3270.86,3270.88,4977.0,16279384.99,F1
000001,2026-06-26 13:53:00,3275.79,3275.81,3272.46,3274.74,11984.0,39243941.65,F1
000001,2026-06-26 13:54:00,3279.26,3280.48,3278.18,3279.3,1655.0,5427737.71,F1
000001,2026-06-26 13:55:00,3281.92,3282.2,3279.8,3281.46,4968.0,16301926.03,F1
000001,2026-06-26 13:56:00,3285.46,3285.77,3280.22,3280.94,5853.0,19202606.09,F1
000001,2026-06-26 13:57:00,3278.03,3281.63,3277.77,3281.46,6635.0,21771320.09,F1
000001,2026-06-26 13:58:00,3285.26,3285.71,3285.12,3285.45,4307.0,14150444.77,F1
000001,2026-06-26 13:59:00,3283.6,3285.52,3280.78,3282.8,11726.0,38495157.4,F1
000001,2026-06-26 14:00:00,3284.88,3284.93,3282.67,3284.05,15461.0,50773035.03,F1
000001,2026-06-26 14:01:00,3282.36,3284.36,3281.63,3282.79,30521.0,100193439.03,F1
000001,2026-06-26 14:02:00,3285.26,3285.67,3282.17,3282.91,8459.0,27769720.83,F1
000001,2026-06-26 14:03:00,3288.23,3289.02,3286.84,3287.15,19460.0,63968356.17,F1
000001,2026-06-26 14:04:00,3289.98,3290.84,3287.19,3287.81,19154.0,62973380.34,F1
000001,2026-06-26 14:05:00,3287.73,3288.18,3286.9,3287.99,21872.0,71914131.41,F1
000001,2026-06-26 14:06:00,3283.46,3283.8,3283.37,3283.56,32827.0,107788361.59,F1
000001,2026-06-26 14:07:00,3287.56,3288.6,3285.19,3286.04,12171.0,39995240.31,F1
000001,2026-06-26 14:08:00,3289.16,3289.78,3286.31,3288.2,23075.0,75873977.7,F1
000001,2026-06-26 14:09:00,3294.58,3296.1,3293.24,3295.35,15885.0,52348214.88,F1
000001,2026-06-26 14:10:00,3293.04,3294.44,3292.36,3294.37,20520.0,67601849.09,F1
000001,2026-06-26 14:11:00,3297.05,3297.57,3292.97,3295.12,16903.0,55698615.91,F1
000001,2026-06-26 14:12:00,3295.05,3296.45,3292.46,3295.98,78787.0,259680756.62,F1
000001,2026-06-26 14:13:00,3302.09,3302.24,3300.05,3301.22,71099.0,234712800.86,F1
000001,2026-06-26 14:14:00,3302.37,3303.31,3300.81,3300.93,20522.0,67740717.83,F1
000001,2026-06-26 14:15:00,3301.1,3302.71,3300.42,3301.89,11212.0,37020113.02,F1
000001,2026-06-26 14:16:00,3303.8,3305.6,3303.61,3303.93,21630.0,71463864.82,F1
000001,2026-06-26 14:17:00,3304.82,3305.34,3301.53,3304.58,43480.0,143683332.48,F1
000001,2026-06-26 14:18:00,3301.08,3303.37,3300.48,3303.14,13263.0,43810676.83,F1
000001,2026-06-26 14:19:00,3301.6,3304.24,3300.92,3303.81,35736.0,118064905.09,F1
000001,2026-06-26 14:20:00,3309.04,3310.4,3306.55,3307.39,27936.0,92396393.03,F1
000001,2026-06-26 14:21:00,3305.08,3305.55,3303.27,3304.03,49255.0,162739205.57,F1
000001,2026-06-26 14:22:00,3304.88,3305.51,3303.69,3304.51,11972.0,39562802.94,F1
000001,2026-06-26 14:23:00,3301.29,3302.35,3300.23,3302.23,21918.0,72379207.24,F1
000001,2026-06-26 14:24:00,3303.42,3307.32,3302.75,3306.21,29789.0,98488695.63,F1
000001,2026-06-26 14:25:00,3300.56,3302.22,3299.54,3301.21,18276.0,60334205.99,F1
000001,2026-06-26 14:26:00,3300.46,3301.38,3298.91,3299.4,12373.0,40822695.73,F1
000001,2026-06-26 14:27:00,3301.12,3301.93,3300.16,3300.67,42729.0,141035222.57,F1
000001,2026-06-26 14:28:00,3307.25,3307.4,3304.62,3305.88,24482.0,80934924.23,F1
000001,2026-06-26 14:29:00,3307.45,3307.82,3304.35,3305.69,42040.0,138970827.63,F1
000001,2026-06-26 14:30:00,3306.64,3306.94,3303.31,3303.89,44672.0,147590247.75,F1
000001,2026-06-26 14:31:00,3310.89,3311.39,3309.7,3310.15,24817.0,82147369.86,F1
000001,2026-06-26 14:32:00,3303.26,3305.53,3302.17,3305.39,7364.0,24341249.25,F1
000001,2026-06-26 14:33:00,3300.69,3301.81,3297.71,3298.16,28903.0,95326319.22,F1
000001,2026-06-26 14:34:00,3299.65,3300.87,3298.68,3299.65,10938.0,36090337.99,F1
000001,2026-06-26 14:35:00,3298.99,3299.2,3297.94,3298.02,15305.0,50475220.9,F1
000001,2026-06-26 14:36:00,3297.57,3298.6,3293.96,3294.69,11302.0,37235103.35,F1
000001,2026-06-26 14:37:00,3296.42,3297.49,3296.19,3297.06,41215.0,135889496.14,F1
000001,2026-06-26 14:38:00,3299.2,3300.16,3297.57,3297.9,10997.0,36265977.77,F1
000001,2026-06-26 14:39:00,3295.75,3297.12,3295.7,3296.07,28326.0,93365371.45,F1
000001,2026-06-26 14:40:00,3291.36,3292.9,3291.24,3291.88,25707.0,84624917.29,F1
000001,2026-06-26 14:41:00,3293.71,3295.02,3292.78,3294.79,38547.0,127002903.51,F1
000001,2026-06-26 14:42:00,3296.48,3298.4,3294.97,3296.97,21152.0,69736559.62,F1
000001,2026-06-26 14:43:00,3295.01,3298.74,3293.56,3296.67,11082.0,36533918.48,F1
000001,2026-06-26 14:44:00,3305.08,3305.19,3302.41,3302.8,7257.0,23970038.33,F1
000001,2026-06-26 14:45:00,3297.32,3300.18,3297.04,3299.3,20463.0,67515177.73,F1
000001,2026-06-26 14:46:00,3295.23,3296.85,3294.09,3294.3,22804.0,75122825.21,F1
000001,2026-06-26 14:47:00,3292.38,3294.74,3289.98,3292.06,30996.0,102040433.48,F1
000001,2026-06-26 14:48:00,3291.75,3292.5,3291.1,3291.94,21494.0,70756155.24,F1
000001,2026-06-26 14:49:00,3293.95,3297.02,3291.98,3292.77,14414.0,47462626.39,F1
000001,2026-06-26 14:50:00,3291.32,3292.46,3289.54,3292.01,18675.0,61479209.18,F1
000001,2026-06-26 14:51:00,3294.41,3295.67,3292.17,3293.21,28110.0,92572638.49,F1
000001,2026-06-26 14:52:00,3287.91,3289.26,3286.34,3289.12,31786.0,104547192.69,F1
000001,2026-06-26 14:53:00,3293.92,3294.15,3293.83,3293.9,17054.0,56173024.64,F1
000001,2026-06-26 14:54:00,3290.2,3295.68,3290.05,3293.67,26878.0,88528090.94,F1
000001,2026-06-26 14:55:00,3297.29,3298.11,3297.1,3297.38,9900.0,32644493.71,F1
000001,2026-06-26 14:56:00,3302.3,3303.52,3297.52,3298.55,17674.0,58299685.56,F1
000001,2026-06-26 14:57:00,3302.21,3302.23,3298.86,3300.09,41240.0,136096233.61,F1
000001,2026-06-26 14:58:00,3303.21,3303.74,3301.29,3302.0,72925.0,240796883.91,F1
000001,2026-06-26 14:59:00,3307.12,3307.8,3301.9,3303.51,26678.0,88130143.55,F1
000001,2026-06-29 09:30:00,3306.49,3308.17,3305.5,3305.67,14670.0,48495521.75,F1
000001,2026-06-29 09:31:00,3311.47,3312.53,3308.04,3310.1,21785.0,72110882.88,F1
000001,2026-06-29 09:32:00,3312.64,3312.82,3310.06,3310.78,26254.0,86922043.16,F1
000001,2026-06-29 09:33:00,3313.73,3314.0,3311.95,3313.16,12572.0,41653394.15,F1
000001,2026-06-29 09:34:00,3314.07,3314.09,3312.76,3312.9,17820.0,59034568.22,F1
000001,2026-06-29 09:35:00,3317.2,3318.75,3316.87,3317.71,11265.0,37374399.18,F1
000001,2026-06-29 09:36:00,3316.73,3316.93,3315.46,3315.5,49207.0,163145276.98,F1
000001,2026-06-29 09:37:00,3321.47,3321.79,3320.3,3321.51,19735.0,65550978.31,F1
000001,2026-06-29 09:38:00,3322.42,3323.97,3321.21,3321.41,23165.0,76940180.19,F1
000001,2026-06-29 09:39:00,3316.76,3317.79,3316.36,3316.69,46122.0,152970925.98,F1
000001,2026-06-29 09:40:00,3315.5,3317.28,3315.42,3317.15,12905.0,42807905.15,F1
000001,2026-06-29 09:41:00,3316.51,3318.82,3314.91,3314.92,28354.0,93990106.31,F1
000001,2026-06-29 09:42:00,3317.88,3318.59,3315.93,3317.74,15477.0,51348867.55,F1
000001,2026-06-29 09:43:00,3313.3,3317.31,3313.19,3315.61,18528.0,61431782.75,F1
000001,2026-06-29 09:44:00,3315.64,3316.76,3313.4,3314.17,22789.0,75526754.02,F1
000001,2026-06-29 09:45:00,3309.64,3310.14,3307.7,3307.94,22904.0,75764522.61,F1
000001,2026-06-29 09:46:00,3307.14,3307.34,3305.46,3306.48,22540.0,74527529.49,F1
000001,2026-06-29 09:47:00,3296.74,3298.59,3296.26,3298.51,78409.0,258631922.37,F1
000001,2026-06-29 09:48:00,3293.26,3294.71,3293.12,3293.32,28558.0,94049436.14,F1
000001,2026-06-29 09:49:00,3298.62,3299.2,3294.29,3295.86,33137.0,109216276.88,F1
000001,2026-06-29 09:50:00,3296.21,3298.91,3295.95,3298.48,21273.0,70167881.35,F1
000001,2026-06-29 09:51:00,3301.06,3301.73,3299.65,3299.92,21870.0,72168790.18,F1
000001,2026-06-29 09:52:00,3297.01,3297.11,3296.33,3296.76,33588.0,110731199.53,F1
000001,2026-06-29 09:53:00,3297.29,3297.73,3295.07,3296.64,22587.0,74459996.54,F1
000001,2026-06-29 09:54:00,3297.45,3298.17,3295.98,3296.66,15843.0,52228845.21,F1
000001,2026-06-29 09:55:00,3291.93,3293.41,3290.91,3292.88,17967.0,59161805.22,F1
000001,2026-06-29 09:56:00,3299.36,3299.48,3297.74,3297.86,19817.0,65354577.83,F1
000001,2026-06-29 09:57:00,3302.02,3302.35,3298.54,3300.79,14384.0,47479338.82,F1
000001,2026-06-29 09:58:00,3300.95,3301.47,3299.23,3300.1,21907.0,72295539.51,F1
000001,2026-06-29 09:59:00,3300.44,3303.33,3300.03,3300.22,12518.0,41311607.87,F1
000001,2026-06-29 10:00:00,3301.39,3303.44,3300.85,3300.94,8168.0,26962955.66,F1
000001,2026-06-29 10:01:00,3295.55,3296.51,3293.74,3294.24,7515.0,24757105.24,F1
000001,2026-06-29 10:02:00,3292.19,3294.57,3291.89,3293.46,4286.0,14117138.9,F1
000001,2026-06-29 10:03:00,3290.56,3292.23,3290.02,3291.24,19945.0,65642635.97,F1
000001,2026-06-29 10:04:00,3285.84,3289.81,3285.72,3287.98,8167.0,26852734.3,F1
000001,2026-06-29 10:05:00,3287.45,3287.89,3286.89,3287.09,9738.0,32008543.73,F1
000001,2026-06-29 10:06:00,3294.75,3296.68,3292.67,3293.04,9017.0,29694437.45,F1
000001,2026-06-29 10:07:00,3293.67,3296.89,3293.04,3295.18,7938.0,26155509.05,F1
000001,2026-06-29 10:08:00,3294.25,3294.83,3291.51,3293.33,6540.0,21537976.81,F1
000001,2026-06-29 10:09:00,3296.95,3297.28,3294.42,3295.25,12872.0,42417613.61,F1
000001,2026-06-29 10:10:00,3299.35,3300.41,3299.21,3299.9,11913.0,39311301.48,F1
000001,2026-06-29 10:11:00,3306.92,3307.74,3301.84,3302.99,6292.0,20782025.95,F1
000001,2026-06-29 10:12:00,3301.52,3303.28,3301.42,3303.22,4726.0,15609580.11,F1
000001,2026-06-29 10:13:00,3300.82,3301.51,3300.47,3301.11,10427.0,34420358.15,F1
000001,2026-06-29 10:14:00,3303.93,3304.43,3302.94,3303.45,4449.0,14698372.8,F1
000001,2026-06-29 10:15:00,3307.73,3307.75,3304.56,3304.78,5093.0,16830958.14,F1
000001,2026-06-29 10:16:00,3312.63,3313.7,3307.35,3307.78,9976.0,32997757.0,F1
000001,2026-06-29 10:17:00,3310.91,3311.86,3308.12,3309.91,10437.0,34544390.25,F1
000001,2026-06-29 10:18:00,3311.67,3313.68,3311.37,3313.42,22791.0,75515574.26,F1
000001,2026-06-29 10:19:00,3309.37,3312.88,3309.19,3311.68,12319.0,40797301.04,F1
000001,2026-06-29 10:20:00,3315.91,3316.92,3315.16,3316.08,11240.0,37272044.49,F1
000001,2026-06-29 10:21:00,3318.38,3318.39,3316.17,3316.77,3717.0,12327618.56,F1
000001,2026-06-29 10:22:00,3325.05,3325.48,3322.73,3323.69,6190.0,20574122.12,F1
000001,2026-06-29 10:23:00,3320.66,3322.91,3319.85,3321.44,4597.0,15267502.49,F1
000001,2026-06-29 10:24:00,3326.55,3327.98,3324.93,3327.24,22277.0,74119807.66,F1
000001,2026-06-29 10:25:00,3330.02,3330.79,3327.66,3327.93,9984.0,33225848.65,F1
000001,2026-06-29 10:26:00,3327.78,3328.6,3324.71,3325.8,6161.0,20491323.07,F1
000001,2026-06-29 10:27:00,3322.0,3324.94,3320.71,3324.22,29553.0,98242094.54,F1
000001,2026-06-29 10:28:00,3321.2,3323.89,3320.79,3323.19,11988.0,39839118.48,F1
000001,2026-06-29 10:29:00,3322.19,3325.89,3321.42,3324.63,8429.0,28024696.51,F1
000001,2026-06-29 10:30:00,3325.34,3327.06,3324.31,3326.41,10936.0,36376600.44,F1
000001,2026-06-29 10:31:00,3327.22,3327.64,3323.32,3324.53,16022.0,53264044.11,F1
000001,2026-06-29 10:32:00,3323.48,3325.39,3321.91,3324.48,10182.0,33848778.16,F1
000001,2026-06-29 10:33:00,3329.15,3332.56,3327.83,3331.65,7446.0,24807594.23,F1
000001,2026-06-29 10:34:00,3337.57,3338.33,3336.74,3337.44,9315.0,31088830.83,F1
000001,2026-06-29 10:35:00,3338.58,3339.24,3337.72,3338.93,10687.0,35683193.24,F1
000001,2026-06-29 10:36:00,3338.66,3340.17,3338.53,3339.09,5293.0,17674306.08,F1
000001,2026-06-29 10:37:00,3338.26,3340.5,3337.98,3339.52,15016.0,50145822.4,F1
000001,2026-06-29 10:38:00,3340.26,3341.8,3339.6,3341.61,7114.0,23772799.93,F1
000001,2026-06-29 10:39:00,3335.7,3338.45,3335.51,3338.22,10616.0,35439526.57,F1
000001,2026-06-29 10:40:00,3337.77,3338.97,3336.31,3337.4,9002.0,30041745.73,F1
000001,2026-06-29 10:41:00,3332.2,3332.21,3331.35,3331.87,9035.0,30104630.71,F1
000001,2026-06-29 10:42:00,3334.02,3335.77,3332.69,3333.23,7133.0,23776877.44,F1
000001,2026-06-29 10:43:00,3335.85,3337.04,3334.65,3335.42,6317.0,21070276.07,F1
000001,2026-06-29 10:44:00,3332.99,3334.65,3332.64,3333.85,11913.0,39716716.79,F1
000001,2026-06-29 10:45:00,3337.37,3339.56,3335.67,3339.13,6120.0,20435754.85,F1
000001,2026-06-29 10:46:00,3334.52,3336.75,3334.25,3335.07,2696.0,8990042.28,F1
000001,2026-06-29 10:47:00,3326.9,3330.26,3326.29,3330.23,9776.0,32557665.56,F1
000001,2026-06-29 10:48:00,3331.29,3332.45,3330.47,3331.01,12676.0,42223403.1,F1
000001,2026-06-29 10:49:00,3331.81,3335.44,3330.0,3334.53,7063.0,23550659.23,F1
000001,2026-06-29 10:50:00,3340.11,3340.3,3340.04,3340.18,5096.0,17021780.43,F1
000001,2026-06-29 10:51:00,3338.37,3340.18,3337.0,3338.68,6962.0,23243103.64,F1
000001,2026-06-29 10:52:00,3341.5,3343.91,3340.26,3342.32,4616.0,15426960.04,F1
000001,2026-06-29 10:53:00,3340.39,3342.29,3339.96,3342.23,11729.0,39201672.56,F1
000001,2026-06-29 10:54:00,3345.98,3348.24,3341.07,3341.68,6133.0,20494442.78,F1
000001,2026-06-29 10:55:00,3343.69,3345.29,3342.78,3344.67,18812.0,62920695.32,F1
000001,2026-06-29 10:56:00,3348.3,3348.32,3345.53,3346.89,3804.0,12730625.56,F1
000001,2026-06-29 10:57:00,3339.42,3343.83,3338.72,3341.65,8785.0,29357789.34,F1
000001,2026-06-29 10:58:00,3346.79,3346.94,3345.2,3346.62,12107.0,40519062.98,F1
000001,2026-06-29 10:59:00,3351.68,3352.41,3349.37,3351.27,9469.0,31732160.82,F1
000001,2026-06-29 11:00:00,3347.22,3349.61,3346.69,3349.21,8481.0,28403617.52,F1
000001,2026-06-29 11:01:00,3349.14,3350.58,3347.61,3350.57,14402.0,48255471.15,F1
000001,2026-06-29 11:02:00,3351.92,3353.39,3351.39,3352.26,6237.0,20907157.22,F1
000001,2026-06-29 11:03:00,3351.89,3354.05,3351.17,3353.17,11185.0,37504012.8,F1
000001,2026-06-29 11:04:00,3350.72,3353.34,3350.14,3351.36,4494.0,15060204.58,F1
000001,2026-06-29 11:05:00,3349.2,3350.39,3348.21,3349.14,7742.0,25930253.1,F1
000001,2026-06-29 11:06:00,3348.79,3349.75,3347.82,3349.09,8022.0,26866586.06,F1
000001,2026-06-29 11:07:00,3351.76,3354.84,3351.07,3353.05,5951.0,19955590.75,F1
000001,2026-06-29 11:08:00,3355.09,3355.43,3354.22,3354.91,5964.0,20008905.11,F1
000001,2026-06-29 11:09:00,3353.6,3354.89,3353.26,3353.7,7863.0,26371652.92,F1
000001,2026-06-29 11:10:00,3355.31,3356.96,3354.45,3356.32,6183.0,20750839.78,F1
000001,2026-06-29 11:11:00,3348.07,3348.29,3345.45,3346.81,19616.0,65649911.58,F1
000001,2026-06-29 11:12:00,3351.22,3352.64,3350.24,3350.69,8565.0,28698749.9,F1
000001,2026-06-29 11:13:00,3347.75,3348.86,3343.92,3344.9,16313.0,54566703.61,F1
000001,2026-06-29 11:14:00,3342.67,3344.0,3341.63,3343.72,7319.0,24473665.15,F1
000001,2026-06-29 11:15:00,3339.95,3340.67,3338.86,3340.01,5574.0,18618775.67,F1
000001,2026-06-29 11:16:00,3332.44,3335.74,3332.15,3335.72,9179.0,30619673.0,F1
000001,2026-06-29 11:17:00,3339.08,3339.75,3337.57,3339.63,9807.0,32752253.8,F1
000001,2026-06-29 11:18:00,3337.48,3338.6,3337.31,3338.1,18368.0,61314537.82,F1
000001,2026-06-29 11:19:00,3338.99,3339.31,3338.5,3339.29,14038.0,46875501.13,F1
000001,2026-06-29 11:20:00,3342.44,3342.89,3339.09,3339.17,8253.0,27559794.58,F1
000001,2026-06-29 11:21:00,3336.81,3341.54,3336.68,3340.8,10038.0,33536172.82,F1
000001,2026-06-29 11:22:00,3339.9,3341.47,3339.49,3341.09,13505.0,45121187.73,F1
000001,2026-06-29 11:23:00,3336.2,3338.92,3335.77,3336.83,4282.0,14288087.05,F1
000001,2026-06-29 11:24:00,3339.98,3340.85,3337.78,3340.19,18029.0,60220280.63,F1
000001,2026-06-29 11:25:00,3339.75,3340.29,3338.41,3338.58,4060.0,13555348.22,F1
000001,2026-06-29 11:26:00,3332.61,3334.26,3331.56,3333.42,2285.0,7616818.15,F1
000001,2026-06-29 11:27:00,3331.65,3332.17,3331.51,3332.03,11664.0,38864629.95,F1
000001,2026-06-29 11:28:00,3338.13,3338.39,3335.87,3337.06,3791.0,12652453.25,F1
000001,2026-06-29 11:29:00,3340.78,3341.41,3338.69,3339.94,3822.0,12765687.87,F1
000001,2026-06-29 13:00:00,3337.56,3339.47,3336.81,3338.8,5959.0,19897382.63,F1
000001,2026-06-29 13:01:00,3336.24,3338.28,3335.12,3337.67,8156.0,27222396.04,F1
000001,2026-06-29 13:02:00,3336.33,3336.74,3335.04,3336.63,5571.0,18589944.81,F1
000001,2026-06-29 13:03:00,3345.8,3346.01,3343.44,3343.6,28295.0,94608156.48,F1
000001,2026-06-29 13:04:00,3343.15,3345.27,3341.91,3344.91,13046.0,43637477.85,F1
000001,2026-06-29 13:05:00,3349.21,3350.89,3345.16,3346.39,7341.0,24564816.3,F1
000001,2026-06-29 13:06:00,3349.26,3351.55,3347.21,3349.87,10244.0,34317476.51,F1
000001,2026-06-29 13:07:00,3349.88,3352.04,3348.9,3350.7,9930.0,33272309.71,F1
000001,2026-06-29 13:08:00,3349.58,3350.51,3349.51,3349.87,3923.0,13140532.09,F1
000001,2026-06-29 13:09:00,3349.37,3350.42,3349.21,3349.24,11939.0,39986290.69,F1
000001,2026-06-29 13:10:00,3347.29,3349.06,3346.66,3349.04,11772.0,39425307.03,F1
000001,2026-06-29 13:11:00,3349.0,3349.69,3347.85,3348.95,11451.0,38347892.27,F1
000001,2026-06-29 13:12:00,3351.87,3352.88,3351.41,3351.42,6207.0,20802698.35,F1
000001,2026-06-29 13:13:00,3351.05,3352.0,3350.06,3351.62,3045.0,10206457.0,F1
000001,2026-06-29 13:14:00,3352.99,3354.31,3351.64,3354.11,8167.0,27392619.4,F1
000001,2026-06-29 13:15:00,3357.06,3358.09,3352.22,3353.88,9853.0,33046832.29,F1
000001,2026-06-29 13:16:00,3356.13,3356.86,3353.53,3354.17,2060.0,6909382.77,F1
000001,2026-06-29 13:17:00,3349.5,3351.05,3346.96,3347.51,7137.0,23890630.64,F1
000001,2026-06-29 13:18:00,3349.35,3351.0,3348.22,3350.61,3390.0,11358911.07,F1
000001,2026-06-29 13:19:00,3352.5,3352.77,3351.7,3351.81,10193.0,34166376.89,F1
000001,2026-06-29 13:20:00,3354.87,3355.29,3354.66,3355.19,13163.0,44164051.29,F1
000001,2026-06-29 13:21:00,3346.22,3346.44,3344.24,3345.52,6706.0,22433983.08,F1
000001,2026-06-29 13:22:00,3354.05,3354.09,3351.88,3352.55,19599.0,65708024.56,F1
000001,2026-06-29 13:23:00,3353.85,3353.95,3351.6,3352.11,2260.0,7576571.36,F1
000001,2026-06-29 13:24:00,3355.58,3356.19,3355.19,3355.86,7503.0,25178768.94,F1
000001,2026-06-29 13:25:00,3351.87,3354.2,3350.93,3352.41,10284.0,34475515.11,F1
000001,2026-06-29 13:26:00,3357.38,3357.47,3354.17,3354.5,13046.0,43762868.07,F1
000001,2026-06-29 13:27:00,3349.64,3351.37,3348.9,3351.0,12487.0,41842619.37,F1
000001,2026-06-29 13:28:00,3349.2,3349.5,3348.16,3348.94,11539.0,38644544.5,F1
000001,2026-06-29 13:29:00,3358.89,3359.91,3355.05,3355.39,9098.0,30527172.92,F1
000001,2026-06-29 13:30:00,3356.11,3356.67,3351.94,3354.79,15988.0,53636377.9,F1
000001,2026-06-29 13:31:00,3356.83,3358.58,3354.94,3355.55,17749.0,59558047.82,F1
000001,2026-06-29 13:32:00,3360.93,3361.88,3358.33,3358.5,8446.0,28367212.62,F1
000001,2026-06-29 13:33:00,3359.98,3361.34,3359.1,3360.2,5416.0,18198626.75,F1
000001,2026-06-29 13:34:00,3362.44,3362.48,3359.35,3360.74,5792.0,19465628.73,F1
000001,2026-06-29 13:35:00,3361.91,3362.93,3361.9,3362.0,3869.0,13007262.78,F1
000001,2026-06-29 13:36:00,3369.3,3371.58,3368.6,3370.13,11595.0,39075256.12,F1
000001,2026-06-29 13:37:00,3367.05,3371.31,3364.53,3369.97,8292.0,27942542.14,F1
000001,2026-06-29 13:38:00,3369.6,3373.53,3368.26,3370.68,8185.0,27588843.63,F1
000001,2026-06-29 13:39:00,3374.56,3375.92,3373.89,3374.25,6315.0,21308412.5,F1
000001,2026-06-29 13:40:00,3376.41,3378.37,3375.39,3378.02,8299.0,28034813.62,F1
000001,2026-06-29 13:41:00,3381.11,3383.58,3379.84,3382.07,6318.0,21368015.26,F1
000001,2026-06-29 13:42:00,3382.11,3384.43,3382.05,3384.26,3384.0,11451798.81,F1
000001,2026-06-29 13:43:00,3380.99,3382.05,3378.69,3380.43,10530.0,35595792.16,F1
000001,2026-06-29 13:44:00,3385.31,3386.75,3385.2,3385.99,11008.0,37273625.28,F1
000001,2026-06-29 13:45:00,3382.1,3382.36,3382.04,3382.14,5991.0,20263572.13,F1
000001,2026-06-29 13:46:00,3382.62,3385.32,3381.63,3383.2,9409.0,31831799.96,F1
000001,2026-06-29 13:47:00,3379.38,3382.61,3379.29,3380.68,4827.0,16317706.99,F1
000001,2026-06-29 13:48:00,3381.95,3382.35,3380.1,3380.5,6549.0,22140105.27,F1
000001,2026-06-29 13:49:00,3382.41,3382.67,3381.08,3381.65,3126.0,10571217.95,F1
000001,2026-06-29 13:50:00,3382.03,3384.51,3381.25,3382.77,5991.0,20267516.97,F1
000001,2026-06-29 13:51:00,3383.47,3385.46,3381.23,3384.23,7221.0,24436485.57,F1
000001,2026-06-29 13:52:00,3389.96,3390.01,3389.58,3389.73,8279.0,28064759.29,F1
000001,2026-06-29 13:53:00,3393.03,3393.23,3390.71,3391.3,7041.0,23876507.55,F1
000001,2026-06-29 13:54:00,3391.49,3392.92,3389.87,3390.51,8514.0,28866752.7,F1
000001,2026-06-29 13:55:00,3394.38,3395.39,3393.79,3393.81,3894.0,13215108.68,F1
000001,2026-06-29 13:56:00,3394.88,3398.26,3394.49,3397.88,8966.0,30463747.66,F1
000001,2026-06-29 13:57:00,3393.72,3394.74,3393.67,3393.75,4374.0,14844492.35,F1
000001,2026-06-29 13:58:00,3398.17,3399.55,3395.61,3395.81,4812.0,16340573.22,F1
000001,2026-06-29 13:59:00,3399.19,3399.53,3397.7,3398.23,12414.0,42186442.81,F1
000001,2026-06-29 14:00:00,3397.3,3397.83,3396.25,3397.25,10912.0,37069780.69,F1
000001,2026-06-29 14:01:00,3402.14,3402.47,3401.32,3401.96,21164.0,71998267.3,F1
000001,2026-06-29 14:02:00,3401.83,3403.49,3399.56,3401.48,20290.0,69015783.98,F1
000001,2026-06-29 14:03:00,3403.13,3403.98,3401.63,3401.94,11482.0,39062753.57,F1
000001,2026-06-29 14:04:00,3402.16,3402.52,3401.36,3401.39,31225.0,106209732.09,F1
000001,2026-06-29 14:05:00,3399.38,3402.17,3398.91,3401.48,62888.0,213912070.52,F1
000001,2026-06-29 14:06:00,3397.55,3398.39,3397.44,3397.78,58170.0,197648624.45,F1
000001,2026-06-29 14:07:00,3389.96,3393.02,3388.31,3392.93,6290.0,21341471.46,F1
000001,2026-06-29 14:08:00,3398.88,3399.02,3398.09,3398.38,20887.0,70983357.06,F1
000001,2026-06-29 14:09:00,3400.79,3401.06,3395.01,3395.53,15920.0,54056138.9,F1
000001,2026-06-29 14:10:00,3392.7,3392.95,3391.78,3392.2,54691.0,185521986.27,F1
000001,2026-06-29 14:11:00,3386.93,3387.07,3382.6,3384.94,18389.0,62244870.58,F1
000001,2026-06-29 14:12:00,3387.38,3387.62,3381.69,3382.81,45296.0,153227383.13,F1
000001,2026-06-29 14:13:00,3378.74,3379.6,3375.9,3378.37,31011.0,104765057.55,F1
000001,2026-06-29 14:14:00,3382.58,3384.14,3381.31,3383.96,19291.0,65279100.83,F1
000001,2026-06-29 14:15:00,3387.47,3387.74,3386.28,3387.41,40073.0,135743353.77,F1
000001,2026-06-29 14:16:00,3384.1,3386.81,3383.99,3385.11,22408.0,75854727.29,F1
000001,2026-06-29 14:17:00,3393.05,3394.44,3392.54,3392.78,20748.0,70392378.49,F1
000001,2026-06-29 14:18:00,3394.27,3396.98,3394.09,3396.15,17854.0,60635025.9,F1
000001,2026-06-29 14:19:00,3391.85,3396.55,3390.6,3395.08,16389.0,55641689.91,F1
000001,2026-06-29 14:20:00,3387.24,3388.46,3385.12,3386.64,7616.0,25793139.52,F1
000001,2026-06-29 14:21:00,3395.66,3396.22,3391.46,3394.44,13397.0,45476956.52,F1
000001,2026-06-29 14:22:00,3388.2,3390.33,3387.95,3389.76,17412.0,59021515.0,F1
000001,2026-06-29 14:23:00,3385.26,3386.25,3382.82,3384.22,8963.0,30333749.56,F1
000001,2026-06-29 14:24:00,3383.95,3388.24,3383.64,3387.72,16063.0,54417313.48,F1
000001,2026-06-29 14:25:00,3398.14,3399.39,3395.68,3396.03,8983.0,30504983.85,F1
000001,2026-06-29 14:26:00,3399.8,3401.38,3399.13,3400.76,15540.0,52846181.22,F1
000001,2026-06-29 14:27:00,3401.6,3403.11,3400.96,3402.72,24445.0,83177765.31,F1
000001,2026-06-29 14:28:00,3405.39,3406.32,3403.48,3404.77,13494.0,45942582.82,F1
000001,2026-06-29 14:29:00,3404.96,3408.11,3404.12,3407.72,25865.0,88140551.73,F1
000001,2026-06-29 14:30:00,3406.24,3411.76,3405.55,3410.34,10402.0,35474624.49,F1
000001,2026-06-29 14:31:00,3408.81,3413.04,3408.05,3411.33,14515.0,49513961.46,F1
000001,2026-06-29 14:32:00,3407.85,3412.08,3407.62,3411.72,31500.0,107469582.42,F1
000001,2026-06-29 14:33:00,3409.15,3413.1,3408.69,3411.54,36438.0,124309415.94,F1
000001,2026-06-29 14:34:00,3406.33,3410.11,3406.29,3409.0,38021.0,129614857.26,F1
000001,2026-06-29 14:35:00,3407.96,3410.66,3407.81,3408.08,37424.0,127544583.94,F1
000001,2026-06-29 14:36:00,3400.83,3402.75,3400.65,3402.35,5168.0,17583380.66,F1
000001,2026-06-29 14:37:00,3404.89,3405.81,3401.53,3402.05,21092.0,71756052.58,F1
000001,2026-06-29 14:38:00,3400.86,3401.27,3398.48,3398.72,14090.0,47889038.57,F1
000001,2026-06-29 14:39:00,3396.36,3398.27,3394.35,3395.01,12714.0,43164923.93,F1
000001,2026-06-29 14:40:00,3397.78,3397.94,3395.0,3395.65,22948.0,77924070.41,F1
000001,2026-06-29 14:41:00,3397.44,3401.29,3396.75,3400.42,23941.0,81407743.73,F1
000001,2026-06-29 14:42:00,3405.58,3406.0,3402.59,3403.57,14794.0,50352020.09,F1
000001,2026-06-29 14:43:00,3398.44,3400.8,3396.56,3398.27,27471.0,93352595.71,F1
000001,2026-06-29 14:44:00,3397.02,3398.63,3393.67,3394.94,67222.0,228213166.98,F1
000001,2026-06-29 14:45:00,3395.92,3398.96,3395.92,3398.17,10176.0,34579621.22,F1
000001,2026-06-29 14:46:00,3395.7,3396.55,3394.25,3394.87,39457.0,133950084.05,F1
000001,2026-06-29 14:47:00,3391.31,3395.66,3391.17,3394.14,22308.0,75715808.47,F1
000001,2026-06-29 14:48:00,3394.82,3396.86,3394.28,3396.04,33829.0,114884114.21,F1
000001,2026-06-29 14:49:00,3392.58,3393.4,3392.12,3392.79,61507.0,208680710.5,F1
000001,2026-06-29 14:50:00,3391.8,3395.32,3391.76,3393.18,11073.0,37571882.64,F1
000001,2026-06-29 14:51:00,3391.01,3391.13,3387.82,3388.69,40616.0,137636389.22,F1
000001,2026-06-29 14:52:00,3387.26,3387.86,3385.69,3386.68,22035.0,74624865.84,F1
000001,2026-06-29 14:53:00,3388.96,3391.15,3387.35,3387.8,16006.0,54224502.91,F1
000001,2026-06-29 14:54:00,3385.24,3385.87,3382.2,3382.44,28090.0,95011487.47,F1
000001,2026-06-29 14:55:00,3382.28,3385.61,3380.26,3383.97,26808.0,90717477.88,F1
000001,2026-06-29 14:56:00,3386.62,3387.2,3383.12,3383.93,22482.0,76077002.62,F1
000001,2026-06-29 14:57:00,3386.57,3386.97,3385.29,3385.84,25673.0,86924582.62,F1
000001,2026-06-29 14:58:00,3384.94,3387.16,3384.06,3386.63,23998.0,81273069.09,F1
000001,2026-06-29 14:59:00,3393.24,3394.48,3390.81,3391.29,12269.0,41608889.6,F1
